id,tenant_id,name,address,place_id
1,1,Auchan,"1 Av. de l'Europe, Leers",ChIJPx7MsDMmw0cRqk7A11SVrSo
2,1,Auchan Hypermarché Villeneuve D'Ascq V2,"Quartier de l'Hôtel de Ville, Chau. de l'Hôtel de ville, Villeneuve-d'Ascq",ChIJ36KsmTnWwkcRvQqaRytgL48
3,1,Auchan Hypermarché Valenciennes,"Av. du Général Horne, Valenciennes",ChIJVWGpsYPswkcR1PXqoduJyzs
4,1,Auchan Hypermarché Béthune,"483 Rue Benjamin Moloise, Béthune",ChIJad3Z1fQi3UcR3B6CPJl8TNs
5,1,Auchan,"2 Rue Jean Jaurès, Escaudœuvres",ChIJGdumlWS8wkcROdK2-ZhYT3o
6,1,Auchan Hypermarché Faches-Thumesnil,"Route de Vendeville, Faches-Thumesnil",ChIJCcYq5srVwkcR_6pwHbNukdA
7,1,Auchan Hypermarché Noyelles-Godault,"Route Nationale 43, Noyelles-Godault",ChIJ_bYvvUoz3UcRDFn8xPkkK70
8,1,Auchan Hypermarché Douai,"direction centre hospitalier, Centre Commercial Auchan, Sin-le-Noble",ChIJw9yCSaTJwkcRQizQd0OUAaE
9,1,Auchan Supermarché Saint-Saulve,"125 Rue Jean jaures, Saint-Saulve",ChIJbzLyifjtwkcRxrTATkoh0NI
10,1,Auchan,"Route Nationale 45, Petite-Forêt",ChIJ47p3mf7twkcRjfJ3dZfhCG4
11,1,Auchan,"Bd d'Halluin, Roncq",ChIJ_c84epQuw0cRhZvVvdb_DMg
12,1,Auchan,"225 Av. Winston Churchill BP 50112, Arras",ChIJ_98mkJ5H3UcRduP-Xb5O1TE
13,1,Auchan Supermarché Lens,"47 Rte d'Arras, Lens",ChIJOxRvt-8w3UcRm4wvp0tH1xY
14,1,MyAuchan,"14 Pl. Nouvelle Aventure, Lille",ChIJEZUlMnbVwkcRCAjKpsMJEDA
15,1,Auchan Supermarché Valenciennes,"59 Av. de Verdun, Valenciennes",ChIJ0yYOuZPtwkcRCu3pZp5lrJ8
16,1,Auchan Supermarché Mouvaux,"37 Rue Mirabeau, Mouvaux",ChIJO5Qp9UUpw0cRTaOCM2nBcG4
17,1,Auchan Supermarché Tourcoing,"Centre Commercial St Christophe, Rue Fidèle Lehoucq, Tourcoing",ChIJG0NsYMAuw0cRh7mWpq01tpM
18,1,Auchan,"Rue Pierre Brizon RD 952, Lesquin",ChIJS9JwEPbWwkcRpsU5tuOm17g
19,1,Auchan Piéton Lille St-Sébastien,"48 bis Rue Saint-Sébastien, Lille",ChIJEZug9ucrw0cR0hfrwr8zlJA
20,1,Auchan Hypermarché Englos,"Rte Nationale 352, Haubourdin",ChIJN7sah5Aq3UcRy2jkdk3QadI
21,1,Auchan Supermarché Lens Grande Résidence,"quartier de la Grande Résidence, Rue Alain, Lens",ChIJl5fVTFEw3UcRFpZcU3iBruY
22,1,Auchan,"Rue Georges Auphelle, Arras",ChIJL6jqybhH3UcRLxdCZ0rMwZU
23,1,Auchan,"Quartier de la République, Bd Maurice Thorez, Avion",ChIJMbrlRSwx3UcRR8C76DG5PXU
24,1,Auchan Piéton Lille Isly,"35 Rue d'Isly, Lille",ChIJl418P4HVwkcR7gBF6DFx8_I
25,1,Auchan Piéton Lille Vauban,"43 Bd Vauban, Lille",ChIJR8qoTpXVwkcRH9EwRGdWHgw
26,1,Auchan Piéton Lille St André,"5 Rue Saint-André, Lille",ChIJKxStUukrw0cRYgad5a5qQ48
27,1,Auchan Piéton Lille Hoover,"323 rue du président Hoover, Lille",ChIJx_Q8HvbVwkcRzSiVvsyCbUY
28,1,Auchan Piéton Lille Euratech,"237 All. Clémentine Deman, Lille",ChIJ3f13MCrVwkcRhbhIxYD7Ogc
29,1,Auchan Hypermarché AM Decathlon Campus,"4 Bd de Mons, Villeneuve-d'Ascq",ChIJRzKlJ9gpw0cR1xypiGBnyus
30,1,Auchan Piéton Lille Rihour,"6 Rue du Palais Rihour, Lille",ChIJbdKD6qnVwkcRiia1CPzOhGo
31,1,Auchan Piéton Lille Solférino,"171 Rue Nationale, Lille",ChIJoz-Q-rXVwkcRU0WkXBh-gVM
32,1,Auchan Piéton Lille Pierre Mauroy,"53 Rue Pierre Mauroy, Lille",ChIJ59GkNfbVwkcRtdZ0a8GaHS8
33,1,Auchan,"Rue de Beaumont, Noyelles-Godault",ChIJLx8cZbPMwkcRLqi037nWPGM
34,1,Auchan Piéton Lille Fbg De Roubaix,"105 Rue du Faubourg de Roubaix, Lille",ChIJO-QsJh4rw0cRNbVb3wTP7iE
35,1,Auchan minute Lille Kennedy,"33 Avenue JF Kennedy, Lille",ChIJxQBeVETVwkcRPEfyYyaHSl8
36,1,Auchan piéton Lille liberté,"26 Bd de la Liberté, Lille",ChIJU9i0rX3VwkcRHPj1CwKY7Dk
37,1,Auchan Supermarché BILLY-BERCLAU,"Rue du Général de Gaulle, Billy-Berclau",ChIJP3eXOFku3UcRdwh4eqbI43s
38,1,Auchan Piéton Lille Roubaix,"9 Rue de Roubaix, Lille",ChIJWWSpwMXVwkcREFWeaCpSZbM
39,1,Auchan Supermarché Noyelles-Lès-Vermelles,"Avenue de la Paix, RN 43, Noyelles-lès-Vermelles",ChIJyWtlncgk3UcRsBoKxB_euRw
40,1,Auchan,"Chemin Rural dit, Chem. de la Grosse Borne, Harnes",ChIJoeUA3T0y3UcRJPWndirQ7-g
41,1,Auchan Supermarché Orchies,"5 zone d activite de l Europe, Orchies",ChIJEWxlwC7bwkcR_navRZNE0J0
42,1,Auchan Supermarché Linselles,"Pl. de la Victoire, Linselles",ChIJiT4izW4sw0cRvy_M8nlT8aw
43,1,Auchan Piéton Valenciennes Paris,"1 Rue Ferrand, Valenciennes",ChIJBao9QiztwkcRAfF0vcQNMvA
44,1,Auchan,Sequedin,ChIJ0wSFiZAq3UcR0PRuPY-6aGw
45,1,Auchan Drive Petite-Forêt,"Route Nationale 45, Petite-Forêt",ChIJ7xAO6x_swkcRzctpoDl9Zmw
46,1,Auchan AM Edhec,"372 Rue Verte, Croix",ChIJly-t4RApw0cR-vDwskbKmxI
47,1,Auchan Piéton Valenciennes Amsterdam,"23 Av. d'Amsterdam, Valenciennes",ChIJbVtcuivtwkcRhtpwvTc9Zd4
48,1,Auchan Piéton V2 Galerie marchande,"Quartier de l'Hôtel de Ville, Chau. de l'Hôtel de ville, Villeneuve-d'Ascq",ChIJ_Ts3WE7XwkcR9aQ3GqCe4Ms
49,1,Auchan Consigne Terradéo,"135 Rue Sadi Carnot, Ronchin",ChIJz5oqL_DXwkcRotWyZTFAzzc
50,1,Auchan V2 ( Livraison ),"Rue du Ventoux, Villeneuve-d'Ascq",ChIJN1smPjjWwkcRYNj6tXRmnHA
51,1,Auchan Consigne CH Valenciennes,"Av. du Général Horne, Valenciennes",ChIJ3-h5uvrtwkcRL0uoad88ej4
52,1,Auchan Drive Cambrai,"Av. de Valenciennes, Cambrai",ChIJfzTcr2S8wkcRtuf2s2REckc
53,1,Auchan noyelles livraisons,"24 Cité de la Borne des Loups, Noyelles-Godault",ChIJJda78BAz3UcR3w6DBxbE-zQ
54,1,Base Auchan,"2 Rue de l'Europe, Lesquin",ChIJidUUfpLWwkcR4RKsE_0xhF8
55,1,Auchan Supermarché,"Parc de l'innovation, Rue de Menin, Marquette-lez-Lille",ChIJLc8ANlwrw0cRdRDWUYFWlbA
56,1,Auchan Traiteur,"352 Route Nationale, Englos",ChIJSVPHjZoq3UcRVIK0fPzdh9s
57,1,Auchan Photo Douai,"C.Cial Auchan direction centre hospitalier, Sin-le-Noble",ChIJQ-4BNaTJwkcR4a47Jx7gnFY
58,1,Point Retrait Marchandise Ecombrant Auchan Arras (SAS à Emporter),"Rue Léon Foucault, Arras",ChIJ033Xg-hH3UcRj0mio0u1npc
59,1,Auchan Photo Roncq,"Bd d'Halluin, Roncq",ChIJOweloxgvw0cRbMitldYuBUQ
60,1,Auchan Hypermarché Épinay-Sur-Seine,"5 Av. de Lattre de Tassigny, Épinay-sur-Seine",ChIJcX0Bt8Fo5kcRxtWp-8sftGo
61,1,Auchan Hypermarché Meaux,"3 Av. Roland Moreno, Chauconin-Neufmontiers",ChIJhXBTPveg6EcRIBlZb06r8Io
62,1,Auchan Hypermarché Osny,"Centre Commercial de l'Oseraie, CD 915, Osny",ChIJY_ftY1H05kcRCSE9R8ruBNM
63,1,Auchan Hypermarché Mantes,"D110, Buchelay",ChIJPTx9V1O-5kcRKmn-Tbe37e4
64,1,Auchan Hypermarché Neuilly-Sur-Marne,"1 a 9 avenue du Maréchal Foch, RN 34, Neuilly-sur-Marne",ChIJn8EcXXYS5kcRwnwy0Rx8uzc
65,1,Auchan Hypermarché Maurepas,"Centre Commercial Pariwest, Av. Johannes Gutenberg, Maurepas",ChIJQV3ixjWD5kcRnONUorLrrjM
66,1,Auchan,"46 Bd de Reuilly, Paris",ChIJBaGqR2ly5kcRjm9Cw88VidM
67,1,Auchan Hypermarché Villebon-Sur-Yvette,"Chem. de Briis BP 309, Villebon-sur-Yvette",ChIJA4W0eyR55kcR48YwDYlTd0g
68,1,Auchan Supermarché Antony - Pascal,"134 Rue Pascal, Antony",ChIJ0QX4ef525kcRJkOpKkZE2jE
69,1,Auchan Hypermarché Cergy,"Centre Commercial des 3 Fontaines, Cergy",ChIJ7XqGdDz15kcRDP_XURXyo0E
70,1,Auchan Supermarché Paris Ourcq,"17 Rue de Thionville, Paris",ChIJXRTzis5t5kcREORZ2Y3NLkw
71,1,Auchan Hypermarché Roissy Aeroville,"Rue des Buissons, Roissy-en-France",ChIJpcDzT5gV5kcR4wOxWhoJOpI
72,1,Auchan Hypermarché Fontenay-Sous-Bois,"Av. du Maréchal Joffre, Fontenay-sous-Bois",ChIJ0RBVH54S5kcRSScT1ADadfY
73,1,Auchan Supermarché Les Mureaux,"Centre Commercial Espace, Av. Paul Raoult, Les Mureaux",ChIJdTe1UomS5kcRC_JgY7UEJzg
74,1,Auchan,"14 cours du Danube SERRIS, MARNE LA VALLEE",ChIJ05ZziiUd5kcRK5VxpAJHxt8
75,1,Auchan Hypermarché BAGNOLET,"26 Av. du Général de Gaulle, Bagnolet",ChIJQakRm3dt5kcRQHZIWpiM_YU
76,1,Auchan Hypermarché Creil Nogent-Sur-Oise,"4 Av. de l'Europe, Nogent-sur-Oise",ChIJ3wlwmQ1K5kcRbJgRW9Y6QNk
77,1,Auchan Hypermarché Sarcelles,"200 Av. de la Division Leclerc CS 60059, Sarcelles",ChIJKTnRgk5p5kcRCq4rVB2MaKU
78,1,Auchan Supermarché Boulogne Billancourt,"231 Bd Jean Jaurès, Boulogne-Billancourt",ChIJ0XMEX-565kcRNU9CALjV9FA
79,1,Auchan Hypermarché Kremlin Bicêtre - Okabé,"57-77 Av. de Fontainebleau, Le Kremlin-Bicêtre",ChIJhwhSRn5x5kcRO-0Mz-fHq68
80,1,Auchan Supermarché Antony Fontaine,"12 Place de la résidence La Fontaine, Antony",ChIJX7EWzmh35kcRO0aHO9vhWK8
81,1,Auchan,"2 Av. de l'Europe, Vélizy-Villacoublay",ChIJG_VGStF75kcRdG2ljRdOJO0
82,1,Auchan Supermarché La Garenne-Colombes,"49/51 Ave. du Général de Gaulle, La Garenne-Colombes",ChIJY-0bAr1l5kcRev0390t0fbc
83,1,Auchan Supermarché Montreuil-Sous-Bois,"98 Bd de la Boissière, Montreuil",ChIJ3d53tzRt5kcRP7PS5RBLIBI
84,1,Auchan SUPERMARCHE COIGNIERES,"Route Nationale 10 Coignières, Coignières",ChIJuan3RyyD5kcRwWRPp0GsN3k
85,1,Auchan,"3 Rue Louis Salle, Limeil-Brévannes",ChIJ0S1SoAsL5kcRpkdHtXeboTM
86,1,Auchan Supermarché Arpajon,"4 Bd Voltaire, Arpajon",ChIJ7RnW25zQ5UcRcTSeGmGjR_M
87,1,Auchan,"Rue Théroigne de Méricourt, Taverny",ChIJLxvN8Ypd5kcR_RaK3_WhxWI
88,1,Auchan,"Centre Commercial De La, Av. de la Maison Neuve, Brétigny-sur-Orge",ChIJi2FONrLb5UcRhOdBxoXkSuE
89,1,Auchan Supermarché Conflans Ste Honorine,"Rue de l'Ambassadeur 113-117, Conflans-Sainte-Honorine",ChIJBaUq8qaK5kcRSIBO2HklsQE
90,1,Auchan Supermarché Bretigny,"12 Pl. Federico Garcia Lorca, Brétigny-sur-Orge",ChIJi2FONrLb5UcR1E8IhQaB4TY
91,1,Auchan Supermarché Saint-Maur Des Fosses,"196 Bd de Créteil, Saint-Maur-des-Fossés",ChIJHZGp01gM5kcR-ppL80Lcl1Y
92,1,Auchan Hypermarché Soisy Sous Montmorency,"28 Av. de Paris, Soisy-sous-Montmorency",ChIJm95oD3do5kcR6t_exu4M178
93,1,Auchan Supermarché Paris Batignolles,"7/9 Bd des Batignolles, Paris",ChIJsz6v80xu5kcR4JZ2IdPh6v0
94,1,Auchan Hypermarché Issy Les Moulineaux,"Centre Commercial des 3 Moulins, 1 Rue Aristide Briand, Issy-les-Moulineaux",ChIJT-1iRJN75kcRC3Lt0fsOffk
95,1,Auchan,"108 Bd Emile Zola, Houilles",ChIJF-WK4_Zj5kcRN1kM5RqZ8wk
96,1,Auchan Supermarché Romainville,"97 Rue de la République, Romainville",ChIJHQsI_D1t5kcR2nEFG5S9w88
97,1,Auchan Supermarché Chatillon,"160 Av. de Paris, Châtillon",ChIJp3YH_fJw5kcR7XmRXB_36WM
98,1,Auchan,"Centre Commercial Westfield les 4 Temps Le Parvis de La Défense, Puteaux",ChIJIYfRfgJl5kcRkS6tD3A-CF8
99,1,Auchan supermarket - Chelles,"ZI Chelles La Belle Ile, Av. Sylvie, Chelles",ChIJE5qiksoR5kcRvKI6VzVQE_E
100,1,Auchan Supermarché Paris Gouvion St-Cyr,"31 Bd Gouvion-Saint-Cyr, Paris",ChIJJz3Heo5v5kcR2ltbgpICBic
101,1,Auchan Supermarché Cachan,"24 Rue Cousté, Cachan",ChIJuSsHtj9x5kcRldE1F3yCa_A
102,1,Auchan,"161 Rue de Ménilmontant, Paris",ChIJPXm50JZt5kcRyAeBiG2eT3M
103,1,Auchan Supermarché Charenton,"3 Pl. des Marseillais, Charenton-le-Pont",ChIJO51LPvhy5kcRAfycXHuQ7LI
104,1,Auchan Supermarché Saint-Germain-En-Laye,"76 - 80 Rue du Maréchal Lyautey, Saint-Germain-en-Laye",ChIJW1YpPimI5kcRDzE-_mKIpt0
105,1,Auchan Supermarché Rueil-Malmaison,"262 Av. Napoléon Bonaparte, Rueil-Malmaison",ChIJZVgzIkFj5kcRGCuMeOA6_Oc
106,1,Auchan Supermarché Montfermeil,"Les 7 Iles, 186 Av. Jean Jaurès, Montfermeil",ChIJ37Grhm0R5kcR43HZDM5abcs
107,1,Auchan,"Ilot Charaire, CHARAIRE FR, Rue Houdan, Sceaux",ChIJq6HrVDR35kcR1yMxrlmaEwA
108,1,Auchan Supermarché Aubervilliers,"55 Rue de la Commune de Paris, Aubervilliers",ChIJDex_YSRs5kcR1bO3SUmwmqU
109,1,Auchan,"PALAISEAU FR, Pl. de l'Union Européenne, Massy",ChIJi0dJWSV45kcR1oE278vq_h0
110,1,Auchan Supermarché Leuville-Sur-Orge,"19 Rue du 8 Mai 1945, Leuville-sur-Orge",ChIJ7_CqLvrZ5UcRQbgjF_T61_w
111,1,Auchan Supermarché Draveil,"32 Pl. de la République, Draveil",ChIJ9-3hvI_f5UcRYHRv26Bbglo
112,1,Auchan,"121 Rue de Reuilly, Paris",ChIJRWsVtG5y5kcRCMHQ6VhqdQE
113,1,Auchan Supermarché Sartrouville,"80 Av. Maurice Berteaux, Sartrouville",ChIJ63GTEGJh5kcRKYW3eHh0vuo
114,1,Auchan Supermarché Saint-Fargeau,"46 Av. de Fontainebleau, Saint-Fargeau-Ponthierry",ChIJbdK21mHv5UcR54bhhrr0oBE
115,1,Auchan Supermarché Chantilly,"5 Pl. Omer Vallon, Chantilly",ChIJHXuV5xRI5kcRK6V04HN6LdM
116,1,Auchan,"Centre commercial Boissenart, D306, Cesson",ChIJCQOp3sbk5UcRsEM_NtbSM6k
117,1,Auchan Supermarché Paris - Tolbiac,"204 Rue de Tolbiac, Paris",ChIJ-Zm5_Jlx5kcR0qwWZt51gUM
118,1,Auchan Supermarché Jouy-En-Josas,"50 Av. Jean Jaurès, Jouy-en-Josas",ChIJiZ7mabx-5kcRKD8h3B4lLE4
119,1,Auchan Supermarché Paris - Avron,"39 Rue d'Avron, Paris",ChIJo9_A0Xly5kcRIfHdM6Y3S10
120,1,Auchan St Loup Marseille,"57 Bd Romain Rolland, Marseille",ChIJgXkwmjK_yRIRnu9kbts8t9M
121,1,Auchan Hypermarché Aubagne-En-Provence,"Rte de Gémenos, Aubagne",ChIJhTKNixGjyRIRXaTAa1LHlJM
122,1,Auchan Hypermarché Toulon La-Seyne-Sur-Mer,"Quartier Lery, Bd de l'Europe, La Seyne-sur-Mer",ChIJPWvkFIgEyRIRxMer1_5WviI
123,1,Auchan Hypermarché Martigues,"Bd Paul Eluard, Martigues",ChIJGajUwCUethIRSuugTaJsWiA
124,1,Auchan,"100 avenue Gabriel Peri, Imp. des Mésanges ZAC des, Aubagne",ChIJgWNVYzajyRIRuJ75Y09brYo
125,1,Auchan Supermarché Marseille La Fourragère,"120 Rue Saint-Jean du Désert, Marseille",ChIJJ9KLSiC_yRIRzPMNkX9xl1g
126,1,Auchan,"66 Bd de Strasbourg, Marseille",ChIJQWxseprAyRIRhEtuhUvOlfk
127,1,Auchan Supermarket Marseilles Mazargues,"5 Av. de la Martheline, Marseille",ChIJJ3jRA4S4yRIRk-OwN2dK24k
128,1,Auchan Piéton Marseille République,"89 Rue de la République, Marseille",ChIJIStgMurByRIRuOFzNzXK6hU
129,1,Auchan Supermarché Marseille Marius Jauffret,"3 Rue Marius Jauffret, Marseille",ChIJi_jvgVDHyRIRYDC66RnbxWY
130,1,Auchan Supermarché Senas,"ZAC de la Capelette, Av. de la Capelette, Sénas",ChIJUzKK_s8AyhIR95voYcHLdqE
131,1,Auchan,"13 Rue Désirée Clary, Marseille",ChIJxc8iW-3AyRIROJysASKDK90
132,1,Auchan Piéton Marseille Barthélémy,"10 Rue des 3 Frères Barthélémy, Marseille",ChIJ882frgPByRIRYi9rKCmV8Os
133,1,Auchan Piéton Marseille Coteau,"23 Rue du Coteau, Marseille",ChIJgWKwFbDByRIRHejcMMvLzrw
134,1,Auchan Gourmand Prado,"41 Bd Michelet, Marseille",ChIJcdFxab_HyRIRNoWtyQT9Xco
135,1,Auchan Supermarché Marseille Les Caillols,"Centre Commercial Barnabe, 67 Av. des Caillols, Marseille",ChIJwT8N_w-_yRIRztTETwS45gU
136,1,Auchan Piéton Marseille Blancarde,"37 Bd de la Blancarde, Marseille",ChIJvdbobly_yRIRjj_UUJtG4d0
137,1,Auchan Piéton Marseille Chave,"202 Bd Chave, Marseille",ChIJp7ltBuC_yRIRKPKdZDPPvyY
138,1,Auchan Piéton Marseille Libération,"10-12 Bd de la Libération, Marseille",ChIJO3dpC8vByRIRNV2lgebnFJI
139,1,Auchan Piéton Marseille Baille,"99 Bd Baille, Marseille",ChIJMTfpBpfByRIRQLFITQZ0RYs
140,1,Auchan Piéton Toulon Bazeilles,"113 Bd Bazeilles, Toulon",ChIJvdlJ--cbyRIRPhiok56Bf5w
141,1,Auchan Drive Marseille Prado,"41 Bd Michelet, Marseille",ChIJ-xobHsLHyRIRaZBKRkVnEnc
142,1,Auchan Minute,Marseille,ChIJKYBecsHAyRIRcZduWOmlt6A
143,1,Centre Com.Auchan Canto Perdrix,"Avenue sarl 45 eme, Martigues",ChIJv6J_dtQfthIRZmeiExOeTic
144,1,Auchan Photo Marseille St Loup,"90 Bd Romain Rolland, Marseille",ChIJxRnJJzO_yRIRPItR-8CvxOQ
145,1,Auchan Photo Aubagne,"Rte de Gémenos, Aubagne",ChIJj42LLxKjyRIRQDZY-pZySIY
146,1,Auchan Photo Toulon La Seyne Sur Mer,"Quartier Lery RN 63, LA Seyne S/mer",ChIJXZkav4cEyRIRGZN6ZofwjTY
147,1,Station Service Auchan Martigues,"Bd Paul Eluard, Martigues",ChIJR5VA-igethIRjVE0tuCW-4s
148,1,Traiteur Auchan Marseille St Loup,"Centre Commercial, 57 Bd Romain Rolland, Marseille",ChIJw4hZsMq_yRIRMNreThX08Nc
149,1,Auchan Photo Martigues,"Avenue Paul Eluard, Martigues",ChIJkWrU5yQethIRG7tBBE2fv-w
150,1,Traiteur Auchan Aubagne en Provence,"Route de Gemenos, Centre Commercial, Aubagne",ChIJ06fC_4ujyRIR1tgLAaPQ2H0
151,1,Auchan Optique - AUBAGNE,"Rte de Gémenos, Aubagne",ChIJL5JzwEqjyRIR0wkv3mh0P7A
152,1,Traiteur Auchan Martigues,"Bd Paul Eluard, Martigues",ChIJNUrR5yQethIRFjCepO3rWw0
153,1,Auchan La Vie En Or - MARSEILLE,"intérieur de Auchan étage non alimentaire, 57 Bd Romain Rolland, Marseille",ChIJYwMhiTW_yRIRTOQl0T6SuEM
154,1,Auchan La Vie En Or - LA SEYNE SUR MER (TOULON),"Bd de l'Europe, La Seyne-sur-Mer",ChIJIf4cKm0FyRIRbIViR-qgl7I
155,1,Livraison Auchan,"4 Chem. de Barboussade, Martigues",ChIJlZ1aPGYfthIRFB33UAiHHHI
156,1,Auchan La Vie En Or - AUBAGNE,"Rte de Gémenos, Aubagne",ChIJgdRW6wGjyRIRhutBKHn2Kjg
157,1,Opticien La Seyne-sur-Mer - Cc Auchan - Krys,"780 Bd de l'Europe Centre Commercial Auchan, La Seyne-sur-Mer",ChIJpzPMpIcEyRIRIT3l1pahSt4
158,1,Auchan La Vie En Or - MARTIGUES,"Bd Paul Eluard, Martigues",ChIJsdZjU1wfthIRHYxaUG9uhKY
159,1,Mister Minit Aubagne Auchan,"Auchan, Rte de Gémenos, Aubagne",ChIJjaipCDejyRIRbKu15X1T4Uw
160,1,Auchan,"ZAC du Champ du Pont BP 341 69800 LYON, Saint-Priest",ChIJkSG20WHB9EcRVy5XfTw30dk
161,1,Auchan Hypermarché Dardilly,"Centre Commercial Portes de Lyon Route Nationale 6, Lieu dit la Garde BP 23, Dardilly",ChIJy7NFfPCS9EcRKy3FaO4rJ20
162,1,Auchan Supermarché Lyon Gerland,"1 Pl. Antoinette Fouque, Lyon",ChIJqTLB_jrq9EcRE7NVJp9VoVQ
163,1,Auchan,"1 place Maréchal Foch, Caluire-et-Cuire",ChIJvRuSj-_q9EcRZS92JjGJwkQ
164,1,Auchan Supermarché Lyon Sainte-Foy,"des Provinces, Pl. Saint-Luc, Sainte-Foy-lès-Lyon",ChIJO7PqcJTr9EcRi1HjSlhGRYA
165,1,Auchan,"Centre Commercial St Genis 2, Av. Charles de Gaulle, Saint-Genis-Laval",ChIJy6TdUcPo9EcR0ZZiPQAAn68
166,1,Auchan Supermarché Lyon Champvert,"Centre Commercial Champvert, 157 Av. Barthélémy Buyer, Lyon",ChIJl3tk2oLr9EcRdB0qbk14RDQ
167,1,Auchan,"2 Rue Alexandre Pourcel, Saint-Étienne",ChIJ_SjfSUqp9UcRkxW24DD7G4g
168,1,Auchan,"Parc d activite de, 14 Av. Lavoisier, Massieux",ChIJIT10bc-W9EcR_Km4qCDWnWI
169,1,Auchan Hypermarché Villars Porte Du Forez,"Chem. de Montravel, Villars",ChIJaVM-U6St9UcRb4m2HWdkO2Q
170,1,Auchan My Auchan Villeurbanne,"45 Rue de la Soie, Villeurbanne",ChIJW-4TGLXB9EcRIjTOz_EIS3A
171,1,Auchan,"8 Rue Philippe Fabia, Lyon",ChIJ_XBvvPjB9EcR6E11u6oucDs
172,1,Auchan Caluire,"10 Chem. Petit 10, Caluire-et-Cuire",ChIJxYjHFTaV9EcREXaiv2ubFs0
173,1,Auchan Supermarché Lyon Félix Faure,"87 Av. Félix Faure, Lyon",ChIJewBTfGXq9EcRaNnBZFze9mw
174,1,Auchan,"Centre Commercial, 7 boulevard Edouard Herriot, Chem. du Vert Galant, Tarare",ChIJfTeEup9m9EcRueIJyjTKTbo
175,1,Auchan Supermarché Tassin La Demi Lune,"Av. Général Brosset, Tassin-la-Demi-Lune",ChIJ6xwb6nns9EcRhcJLBg6Abuw
176,1,Auchan,"38 Rue de l'Université, Lyon",ChIJYwFnpEbq9EcRr-CDtD13d6k
177,1,Auchan Supermarché Lyon Garibaldi,"38 Rue Garibaldi, Lyon",ChIJWWrfFUjAqkERhoaeLZLoc_Q
178,1,Auchan Supermarché La Duchere - Lyon,"3 Rue Victor Schoelcher, Lyon",ChIJZUj3Yl7r9EcRs61tOTz6Plw
179,1,Auchan,"GUEREINS FR, 1 Rte de Francheleins, Montceaux",ChIJSwdVJEKd9EcRkP9XxC1foiI
180,1,Auchan Piéton St Etienne Charles De Gaulle,"14 Rue Charles de Gaulle, Saint-Étienne",ChIJ22kD5uKt9UcRNOJ294mhmOU
181,1,Auchan Consigne Centre Deux,"Centre Commercial Centre deux Niveau 1 Parking Vert, Saint-Étienne",ChIJpyBVgkyp9UcRN6tzsvL1r8U
182,1,Auchan Piéton Lyon Maréchal de Saxe,"32 Av. Maréchal de Saxe, Lyon",ChIJF-fJEcXr9EcRA2GH5Xfoq54
183,1,Auchan Piéton Lyon Lacassagne,"30 Av. Lacassagne, Lyon",ChIJ5aUDkl3r9EcRpgghApfO_mQ
184,1,Auchan Piéton Villeurbanne Charmettes,"2 Rue des Charmettes, Villeurbanne",ChIJD55ZlsXr9EcRivRHigIvlBo
185,1,Auchan Supermarché Villefranche,"420 Rue Philippe Héron, Villefranche-sur-Saône",ChIJ8Q1tXBqF9EcRSlfBmBd2NH8
186,1,Auchan Piéton Lyon Croix Rousse Bertone,"14 Pl. Bertone, Lyon",ChIJATmJd2vr9EcRoTitDnkd07c
187,1,Auchan Piéton Lyon Croix Paquet,"43 Rue René Leynaud, Lyon",ChIJzTHJiYDr9EcROdLP2X-3Tz0
188,1,Auchan Piéton Lyon Guichard,"230 Rue Vendôme, Lyon",ChIJ5eWuEnfr9EcRSpMxIIGFs0I
189,1,Auchan Lyon Porte Des Alpes,"Boulevard André Bouloche, Saint-Priest",ChIJ_T8dH1jB9EcR24piEetIzWU
190,1,My Auchan rue neuve,"23 Rue Neuve, Lyon",ChIJBfUYwvjq9EcRao5LV8nVh90
191,1,Auchan,"420 Rue Philippe Héron, D84, Villefranche-sur-Saône",ChIJV1HfQhqF9EcRusKG379Jyt8
192,1,Auchan,Villars,ChIJN-XtWaSt9UcRdM8DmV5zXHQ
193,1,Auchan click and collect,"45 Rue René Leynaud, Lyon",ChIJ28yFrcPr9EcRB9jj9fUkRZI
194,1,Auchan Dardilly Photo,"C.cial Portes de Lyon RN 6-Lieu dit la Garde BP 23, Dardilly",ChIJcT9lbDyT9EcRlAIP_APMkhY
195,1,Comite d'Etablissement Auchan St Pries,"Zone d'aménagement concerté Champ du Pont, Saint-Priest",ChIJW262GZDD9EcRJn9lz51F8M0
196,1,Auchan Drive,Saint-Étienne,ChIJC5GuxEep9UcRBIkUWhUIN_I
197,1,Auchan Photo Lyon Porte Des Alpes,Saint-Priest,ChIJR6Wz2mHB9EcRjNo623Z0Z-k
198,1,Auchan Photo Caluire,"10 Chem. Petit, Caluire-et-Cuire",ChIJG53chjWV9EcRPTH70f2Qfb8
199,1,Auchan Photo Villars Porte Du Forez,"Chem. de Montravel, Villars",ChIJD77HaKSt9UcRrFjweXlDLD0
200,1,Auchan Photo St Etienne Center 2,"2 Rue Alexandre Pourcel, Saint-Étienne",ChIJMXLYtEqp9UcR23vnPCG7W8k
201,1,Lyon Traiteur Auchan Porte des Alpes,"ZAC du Champ du Pont, Saint-Priest-la-Marche",ChIJe07l22HB9EcR9-cCCqaTdh8
202,1,Traiteur Auchan St Etienne Centre Deux,"Centre Commercial, 2 Rue Alexandre Pourcel, Saint-Étienne",ChIJS4FeieKv9UcRiHvTw6Jx2P4
203,1,Photo Area Auchan Saint-Genis-Laval,"Av. Charles de Gaulle, Saint-Genis-Laval",ChIJBQIcJt3o9EcRVas-j-0Qmhk
204,1,Auchan La Vie En Or - SAINT GENIS,"2 Av. Charles de Gaulle, Saint-Genis-Laval",ChIJGXtElcXp9EcRwTEDfmn6x1Y
205,1,Auchan La Vie En Or - LYON ST PRIEST,"ZAC du Champ du Pont, Saint-Priest",ChIJRR4lUdzB9EcROtRzMcLv9AQ
206,1,Traiteur Auchan Dardilly,"C.CiAL Portes de Lyon, Lieu dit la Garde, Dardilly",ChIJ_VVOaTyT9EcR0VaCkGWixMA
207,1,Traiteur Auchan,St-Genis-Laval,ChIJQwyePN3o9EcRGHmv6DCQ6Yg
208,1,Traiteur Auchan Caluire,"Centre commercial Auchan Caluire, 10 Chem. Petit, Caluire",ChIJrVg7QVgSrhIR6zbf87QGVtQ
209,1,Auchan Optique - VILLARS,"Chem. de Montravel, Villars",ChIJRS5PZp-t9UcRAEVP-X0yBfg
210,1,Auchan La Vie En Or - DARDILLY,"Porte de Lyon, N6, Dardilly",ChIJD3-hGzOT9EcR4DOd0wGxP2g
211,1,Auchan La Vie en Or - VILLARS,"Chem. de Montravel, Villars",ChIJ9XKKZ6St9UcR6RSWPI3KhpY
212,1,Auchan Hypermarché Nantes St-Sébastien,"2 Rue Pierre Mendès France, Saint-Sébastien-sur-Loire",ChIJq4_CLrnoBUgR-voF9XNXaCk
213,1,Auchan Hypermarket,"325 Rte de Vannes, Saint-Herblain",ChIJbU243QDtBUgRJxY9LdT32LE
214,1,Auchan,"Centre Commercial, ZAC de la, Rue de la Font au Brun, Trignac",ChIJZ56HUqVlBUgR8mrZ39NvLDU
215,1,Auchan Piéton Nantes Guisthau,"9 Bd Gabriel Guist'Hau, Nantes",ChIJAYxUXb7tBUgRHciF5ipGzX0
216,1,Auchan Piéton Nantes Aristide Briand,"4 Pl. Edouard Normand, Nantes",ChIJ-cN8zRjtBUgR-kAOMTym2r8
217,1,Auchan Piéton Nantes Talensac,"7 Rue Jeanne d'Arc, Nantes",ChIJS1g_8JfvBUgR5roNG7eDDY0
218,1,Auchan Piéton St Nazaire République,"44 Av. de la République, Saint-Nazaire",ChIJs3LkErxlBUgRCGJgfJx_Ubc
219,1,Centre commercial Auchan Saint Sébastien sur Loire,"2 Rue Pierre Mendès France, Saint-Sébastien-sur-Loire",ChIJB1ifVLjoBUgRQCbpyx0fQrY
220,1,Centre Commercial Grand Large Auchan,"1 Rte de Trembly, Trignac",ChIJk5gv47xlBUgR1J104Z8Qc58
221,1,Auchan livraison,Saint-Herblain,ChIJ0TYplRPtBUgRUq9ne4TwKJU
222,1,Auchan,"Rue de la Font au Brun, Trignac",ChIJg6791K9lBUgR49-PomZkYqQ
223,1,Auchan Photo Nantes St Sebastien,"2 Rue Pierre Mendès France, ST Sebastien/loire",ChIJl_R-oLvoBUgRBOGDNVESwsk
224,1,Traiteur Auchan Nantes St Sébastien,"2 Rue Pierre Mendès France, Saint-Sébastien-sur-Loire",ChIJ4WnVKLnoBUgRHQ_A0qs3U9s
225,1,Traiteur Auchan St Nazaire Trignac,"Rue de la Font au Brun, Trignac",ChIJz63-1q9lBUgRxU0Ig4Q2WnU
226,1,Auchan La Vie En Or - SAINT NAZAIRE,"ZAC de la, Rue de la Font au Brun, Trignac",ChIJLwG5LLBlBUgRnJgHinZ5Has
227,1,Auchan La Vie En Or - SAINT HERBLAIN,"325 Rte de Vannes, Saint-Herblain",ChIJNeCXWGHtBUgRexbtN-3p0SM
228,1,Auchan La Vie En Or - SAINT SEBASTIEN,"2 Rue Pierre Mendès France, Saint-Sébastien-sur-Loire",ChIJdaX4FrrpBUgRtVqNePCwBHk
229,1,Mister Minit Saint Sebastien Sur Loire Auchan,"2 ⛉, 2 Rue Pierre Mendès France, Saint-Sébastien-sur-Loire",ChIJ0V5PobnoBUgRYE_hDi4RQDQ
230,1,Mister Minit Trignac Auchan,"CC Grand Large ZAC de la, Rue de la Font au Brun N471, Trignac",ChIJrSBt2-RkBUgRbKbtnBUBmmI
231,1,Auchan Hypermarché Bordeaux-Lac,"Auchan, Av. des 40 Journaux, Bordeaux",ChIJESEf9lYoVQ0RfUyEMvwW7Kg
232,1,Auchan Supermarket Talence Gambetta,"125 Cr Gambetta, Talence",ChIJmUHQRpknVQ0RcJT0ts3NoG0
233,1,Auchan,"57 Rue du Château d'Eau, Bordeaux",ChIJZ_sNY-gnVQ0RXYBA3nqpWKY
234,1,Auchan,"6 Av. de la Prairie, Artigues-près-Bordeaux",ChIJResAQnMvVQ0RcZGH6yk8yR8
235,1,Auchan Hypermarché Facture Biganos,"Lieu dit Facture, 31 Rue des Fonderies, Biganos",ChIJi3CooUKUVA0RQvQN5fDmVqk
236,1,Auchan,"Av. des Frères Robinson, Mérignac",ChIJE-rCB-DZVA0RdFf62MXRy2Y
237,1,Auchan Supermarché Talence Gallieni,"114 Cr Marechal Gallieni, Talence",ChIJF2JwvI8nVQ0R0yt9ZtwXxco
238,1,Auchan Supermarché Bordeaux Benauge,"28 Rue Alexander Fleming, Bordeaux",ChIJ1VuL5y8mVQ0RUA2rC-NggWY
239,1,Auchan,"42 Av. Emile Counord, Bordeaux",ChIJc7oSRHAoVQ0RYfR7sPgI7ak
240,1,Auchan Supermarché Bègles,"468 Rte de Toulouse, Bègles",ChIJDejwDiEnVQ0RQ8dZN3Ui1yI
241,1,Auchan,"Centre Commercial La Renney, Av. du 11 Novembre, Blanquefort",ChIJT2VJ5WPWVA0RybFZ2NzfQJU
242,1,Auchan Supermarché,"19 Avenue du Maréchal Gallieni, Pl. Mondésir, Mérignac",ChIJi438JBfYVA0Rp0AHjMZsyV0
243,1,Auchan Supermarché La Brède,"La, À la Perrucade, La Brède",ChIJexZlIroYVQ0R6WwQZ8e9-ns
244,1,Auchan,"108 Rue du Vélodrome, Bordeaux",ChIJCyI7reTXVA0RS8lyBVACZtI
245,1,Auchan Bordeaux Bouliac,"Rue de la Gabarre CS 80009, Bouliac",ChIJZaDzB9YlVQ0R8DIN-LIixZo
246,1,Auchan Supermarché Cazaux,"Lieu dit Jaumard, CAZAUX",ChIJv04rykmDVA0RMJ1KMc1Rf8A
247,1,Auchan Piéton Bordeaux Somme,"106 Cr de la Somme, Bordeaux",ChIJDybSz8InVQ0RJlHQRVGuIx8
248,1,Auchan,"Centre Commercial Domaine de, Rue de Laurenzane, Gradignan",ChIJjU0YNrXYVA0RgqhYalqPh7o
249,1,Auchan Piéton Bordeaux Richelieu,"47 Quai Richelieu, Bordeaux",ChIJZYezH38nVQ0RZ9MNaO_f6Fg
250,1,Auchan Piéton Bordeaux Capucins,"3 Rue Emile Laparra, Bordeaux",ChIJ21W1INknVQ0RiE6-OHLftGw
251,1,Auchan Piéton Bordeaux Balguerie,"70 Cr Balguerie Stuttenberg, Bordeaux",ChIJPfaJ03UpVQ0R98Wcp3B6HgQ
252,1,Auchan Piéton Bordeaux Lagrange,"1 Rue Lagrange, Bordeaux",ChIJk03dzPApVQ0RVBkxqot8Zw8
253,1,Auchan Consigne Thalès,"75-77 Av. Marcel Dassault, Mérignac",ChIJVU7kWhfRVA0Rlhlx6BHb9vw
254,1,Auchan Piéton Bordeaux Pasteur,"41 Cr Pasteur, Bordeaux",ChIJG2f34FYnVQ0RtgDUq3rKS6w
255,1,Auchan Piéton Bordeaux Croix Blanche,"83 Rue de la Croix Blanche, Bordeaux",ChIJg1XY7pYnVQ0R9eSn2F94Glg
256,1,Auchan click & collect,"106 Cr de la Somme, Bordeaux",ChIJc3tyhgMnVQ0RtbCLs4_kvhw
257,1,Auchan Drive Biganos,"5 Rue Louis-Nicolas Robert, Biganos",ChIJ8wej9myUVA0R6EonUBshgQQ
258,1,Auchan,"Av. des Frères Robinson, Mérignac",ChIJN9WUDuDZVA0Rdk_Nlg8OQ6c
259,1,Auchan Drive Bouliac,Bouliac,ChIJTc5fZmUlVQ0RGQFBnayuYzw
260,1,Auchan click & collect,"22 Pl. des Capucins, Bordeaux",ChIJY-ht7LknVQ0Rs67gxLAbf_E
261,1,Auchan Station Service,"Lieu-dit 'Jaumard' - D112, La Teste-de-Buch",ChIJJRsl2cucVA0RQmlMzwvjh7U
262,1,Auchan Bouliac Bordeaux Photo,"Rue de la Gabarre CS 80009, Bouliac",ChIJT4zSrXgmVQ0RcZnfF9KZWo0
263,1,Auchan Photo Biganos,"31 rue des Fonderies Lieu dit, Facture, Biganos",ChIJuS8jWWqUVA0RnCCqzMPUCqw
264,1,Auchan Bordeaux Lac Photo,"Av. des 40 Journaux, Bordeaux",ChIJAQAAAegnVQ0Rok5e35Emq-s
265,1,Traiteur Auchan Bordeaux Meriadeck,"Centre Commercial, 57 Rue du Château d'Eau, Bordeaux",ChIJX4X5ZaMnVQ0RJ3jD0CIQPyM
266,1,Auchan Photo Bordeaux Meriadeck,"57 Rue du Château d'Eau, Bordeaux",ChIJT1gRZgknVQ0Rt_0AcoTHI9E
267,1,Mondial Relay Auchan,"71 Rue des Fonderies, Biganos",ChIJj5GjTGqUVA0RzYi9apdj8l8
268,1,Auchan La Vie En Or - BORDEAUX BOULIAC,"Rue de la Gabarre, Bouliac",ChIJV5Xw6bQlVQ0RkW89OFm8T9E
269,2,Decathlon Arras,"Zone Des Bonnettes, Arras",ChIJ938XpZ1H3UcRgXgAm9vgf4Q
270,2,Decathlon Valenciennes Petite Foret,"Zone Commerciale Auchan, Petite-Forêt",ChIJcXUNjh7swkcRHRiu8ReVftY
271,2,Decathlon Aulnoy-Lez-Valenciennes,"Chem. des Bourgeois, Aulnoy-Lez-Valenciennes",ChIJPeHvN6PtwkcRjIvFo6AopTM
272,2,Decathlon Sequedin Englos,"Centre Commercial Englos Les Géants, Av. de la Boutillerie, Sequedin",ChIJY_26HZEq3UcRCJ4pAc6UTJY
273,2,Decathlon Villeneuve D'Ascq V2,"121 Bd de Valmy, Villeneuve-d'Ascq",ChIJ0QclVT_WwkcRaW6G4psd8zE
274,2,Decathlon Neuville - en - Ferrain Roncq,"Zac Du, Rte du Petit Menin, Neuville-en-Ferrain",ChIJD0Gj378uw0cRVaXH7DTX18U
275,2,Decathlon Kipstadium Tourcoing,"Kipstadium, 70 Rue de l'Union, Tourcoing",ChIJB4hM_cUow0cRFxA_rNJKI_I
276,2,Decathlon Lens Vendin Le Vieil,"1 Rue Jean Mermoz, Vendin-le-Vieil",ChIJj8aj5Dkw3UcRZCeBBv3DwE4
277,2,Decathlon,"Zac Actipolis, Fouquières-lès-Béthune",ChIJJYCe-5Ei3UcRP_x_LrUg4yY
278,2,Decathlon City Lille,"31 Rue de Béthune, Lille",ChIJ__9zxYjVwkcRVvrtCQ9Si5k
279,2,Decathlon Marcq-en-Baroeul Domyos,"1 Rue Pavé Stratégique, Marcq-en-Barœul",ChIJ9Xut0tYrw0cRspLuUNjUltA
280,2,Decathlon Villeneuve D'Ascq - Campus,"4 Bd de Mons, Villeneuve-d'Ascq",ChIJWw6SatEpw0cRqgAqyCfzTyA
281,2,Decathlon Douai - Lambres Lez Douai,"1 Rue du Faubourg de Paris, Lambres-Lez-Douai",ChIJS-7ZjJ_JwkcRkIQGSQTFk-s
282,2,Decathlon,"Zone D´Activités Commerciales Du, Chem. du Bord des Eaux, Hénin-Beaumont",ChIJR6WUgzYz3UcR_sVe2vSTCAw
283,2,Decathlon Bailleul,"Parc Du, Bailleul",ChIJlZ3isvzb3EcRFzk6_i-WSuk
284,2,Decathlon Contact Roubaix,"23 Rue Pierre Motte, Roubaix",ChIJw7m0nlQpw0cRiQ1kuqNc_8A
285,2,Decathlon Marcq-en-Baroeul Inesis Golf Park,"202 Chem. Poivré, Marcq-en-Barœul",ChIJ6dL6z2Ipw0cRaz93-zjK5FI
286,2,Decathlon,"Rue de Maire 6, Tournai",ChIJa44Pau_fwkcR21K2Az8QzN0
287,2,Decathlon RONSE,"César Snoecklaan 51, Ronse",ChIJK_krRiYbw0cRhOQL4gxWH-A
288,2,Decathlon Jardin Des Plantes,"Rue Marcel Hénaux, Lille",ChIJG-B3M6PVwkcRaFqJc2r4POM
289,2,Decathlon,"Beneluxlaan 1, Kortrijk",ChIJxz9a_zI7w0cRHRhMG81Lidk
290,2,BTWIN Village - Decathlon Cycle Lille,"4 Rue Professeur Langevin, Lille",ChIJP6QRZejVwkcRZSNy_5InFMc
291,2,Decathlon Roeselare,"Groenestraat 250, Roeselare",ChIJRQxrwqk1w0cRC2cwOohvB5o
292,2,Decathlon,"Vliegtuiglaan 8, Gent",ChIJ2QXqGdV2w0cREGE5EMHUR_8
293,2,Decathlon Paris Rive Gauche,"113 Av. de France, Paris",ChIJwQgRqDxy5kcR2-whQ3n3cc8
294,2,Decathlon Paris 19 Rosa Parks,"203 Bd Macdonald, Paris",ChIJX0OOVCps5kcRdyEcM8tEguI
295,2,Decathlon Paris La Madeleine,"Metro Madeleine, 23 Bd de la Madeleine, Paris",ChIJaw8tAzNu5kcR2r3vAiYjqzY
296,2,Decathlon Saint-Denis Stade De France,"2/6 Rue Du Mondial 98, Saint-Denis",ChIJkyaldqVu5kcR7IR7Z2q8Bv0
297,2,Decathlon Paris Porte De Montreuil,"67, 79 Rue de la République Bis, Montreuil",ChIJ987C8mFt5kcRKDnAyIYNV0w
298,2,Decathlon Croissy-Beaubourg,"25 All. du 1er Mai, Croissy-Beaubourg",ChIJvQoAimAF5kcR8nRnzbwAx3U
299,2,Decathlon Sainte Genevieve Des Bois,"Zone Industrielle De La Croix Blanche, Sainte-Geneviève-des-Bois",ChIJ3_d5663e5UcR-hJ1xsIdkVo
300,2,Decathlon Bry-Sur-Marne Arms,"Centre Commercial Les Armoiries, 19 Bis Bd Jean Monnet, Bry-sur-Marne",ChIJ8crJrMMN5kcREJyx9Ev_cTU
301,2,Decathlon,"3 Rue de la Résistance, Thiais",ChIJZfOTQml05kcR3xYB0jSJAtU
302,2,Decathlon Domus - Rosny sous Bois,"Centre Commercial Domus, 16 Rue de Lisbonne, Rosny-sous-Bois",ChIJTTAlKS4T5kcRmPW7jD2bTfM
303,2,Decathlon Bois Sénart,"212 Rue de l'Industrie, Cesson",ChIJ26Kw277k5UcRNlHtLdPdKWg
304,2,Decathlon Paris Wagram,"26 Av. de Wagram, Paris",ChIJ46OsOetv5kcR-_titGwN6rg
305,2,Decathlon Saint-Germain-En-Laye Chambourcy,"82 Rte de Mantes, Chambourcy",ChIJ2Zp-OyOJ5kcRyxwkZhP5VgA
306,2,Decathlon Gennevilliers,"112 Av. du Général de Gaulle, Gennevilliers",ChIJ1bnGcTJv5kcRoA-ym2dA9EE
307,2,Decathlon Groslay Sarcelles,"46 Av. de la République, Groslay",ChIJp6fLoplp5kcR2xLpsQL9hVw
308,2,Decathlon Claye Souilly,"A1, Et N3, Autoroute A104, Rue Victor Drouet, Claye-Souilly",ChIJrx_RDZUZ5kcRaoBfADhRZ4c
309,2,Decathlon Vélizy,"33 Av. de l'Europe, Vélizy-Villacoublay",ChIJA_y2SdF75kcRzbbywzYtza0
310,2,Decathlon Creteil,"Carr Pompadour, Créteil",ChIJgUPXN6d05kcRF7QENU_9O1U
311,2,Decathlon Pontault Combault,"7 Rue de la Louvetière, Pontault-Combault",ChIJXcAdKDIP5kcR6uJaUwom8KY
312,2,Decathlon City Paris Bd Saint-Germain,"104 Bd Saint-Germain, Paris",ChIJJ-_E1qJx5kcRR2Lsa5DIefg
313,2,Decathlon Evry,"centre commercial de l'agora, 2 Bd de l'Europe, Évry-Courcouronnes",ChIJN6ZXwWDf5UcRVHa0T181FHM
314,2,Decathlon Parly 2 Versailles Le Chesnay,"Centre Commercial Parly 2, Le Chesnay-Rocquencourt",ChIJ9Xc_Sqh95kcRu0cpQFIKVZI
315,2,Decathlon Cergy-Pontoise Osny,"Pontoise FR, 2 Av. de la Plaine des Sports, Cergy",ChIJt3W33Y305kcRs2hC3aarLrw
316,2,Decathlon City Batignolles,"147 bis Rue Cardinet, Paris",ChIJk0g-UD9v5kcRksInjoYDSXA
317,2,Decathlon Herblay,"12 Mail des Copistes, Herblay-sur-Seine",ChIJjZWpCchg5kcR7d8-xX66xS8
318,2,Decathlon,"CNIT, 2 Pl. de la Défense, Puteaux",ChIJMw5beQRl5kcRhjA-3XkVi68
319,2,Decathlon,"Centre Commercial O'PARINOR, Le Haut De Galy, Aulnay-sous-Bois",ChIJxVV9_aIV5kcR7rTD0Vrmf3Q
320,2,Decathlon,"2 Av. de la Plesse, Villebon-sur-Yvette",ChIJ1-3wDuDX5UcRsZf6i5AAsVA
321,2,Decathlon Creil - Saint Maximin,"Rue des Montagnards, Saint-Maximin",ChIJy3oaFMBJ5kcRvMItgkM0HH8
322,2,Decathlon L'Isle Adam,"Zac Du Pont Des Rayons, L'Isle-Adam",ChIJH-_2qFBa5kcRM5AOjGWL0rU
323,2,Decathlon Bretigny Sur Orge,"2 Rue des Saugées, Brétigny-sur-Orge",ChIJ24p1GoDZ5UcRDcuyVhtQUw4
324,2,Decathlon Mantes La Jolie Buchelay,"Zone D´Activités Commerciales Les Closeaux 2000, Buchelay",ChIJt14RJty-5kcR7bo-EfdevdU
325,2,Decathlon Meaux,"Centre Commercial Des Saisons De Meaux, 5 Av. Roland Moreno, Chauconin-Neufmontiers",ChIJH1apenyh6EcR9sPSMlII3kE
326,2,Decathlon,"70 Rue Henri Barbusse, Plaisir",ChIJGZJi76uF5kcRz0ND2fzLVh0
327,2,Decathlon Coignières,"Zone Commerciale Le Forum, Rue des Frères Lumière, Coignières",ChIJbxjn-T2D5kcRPmzkA9KZ_Ug
328,2,Decathlon Paris Aquaboulevard,"4/6 Rue Louis Armand, Paris",ChIJpYo1znVw5kcRDpiCbIp7AA8
329,2,Decathlon Villiers en Bière,"Centre Commercial Carrefour, Villiers-en-Bière",ChIJC5dIB9Tv5UcRhEWE25gta98
330,2,Decathlon Essentiel Trie-Château,"Les Mazurieux Zone Commerciale Saint Jacques, Rue Nationale, Trie-Château",ChIJV7wbedjD9EcRUTbowziPon0
331,2,Decathlon,"1 Av. de la Plesse, Villebon-sur-Yvette",ChIJEUeWgJ155kcRYJVD8R2pB-Q
332,2,Decathlon Martigues,"Zone D Activites Commerciales De Figuerolles, Martigues",ChIJceJgwxcethIRVPs-B6zf_1I
333,2,Decathlon Aubagne,"Zi Les Paluds, Aubagne",ChIJwctWDzejyRIRgjEnIStu4KA
334,2,Decathlon Village Marseille Bouc Bel Air,"Decathlon Village - La Petite Bastide Avenue des Chabauds, RN 8, Bouc-Bel-Air",ChIJ1Q7SU-mSyRIRX6xvssJB-KE
335,2,Decathlon Marseille Bonneveine,"Chem. du Roy d'Espagne, Marseille",ChIJ6wJkJX64yRIRb-bbNpBTOz0
336,2,Decathlon Aix Milles,"160 Av. Guillaume du Vair, Aix-en-Provence",ChIJFejJpqeSyRIRu478XffiKP8
337,2,Decathlon Istres,"Zone Du Tubé, Av. Clément Ader, Istres",ChIJh7SBWUEbthIROkXtd-5-dSk
338,2,Decathlon Vitrolles,"Av. Denis Padovani, Vitrolles",ChIJYSJeiNHoyRIRwBLnhOq0gmY
339,2,Decathlon Toulon Ollioules,"118 Chem. des Canniers Quartier Quiez, Ollioules",ChIJIYdIFsEEyRIRBUxueSgGYIY
340,2,Decathlon Marseille Terrasses Du Port,"Les Terrasses du Port, 9 Quai du Lazaret, Marseille",ChIJHe3lcu_AyRIRCHWkHrHf1yI
341,2,Decathlon Marseille La Valentine,"7 Av. de Saint Menet, Marseille",ChIJ1ZRE4R28yRIR13vDRFGZUh0
342,2,Decathlon Six-Fours Plage,"342 Prom. Général Charles de Gaulle, Six-Fours-les-Plages",ChIJmWM0o6kGyRIRSn-1Dhfh0H0
343,2,Decathlon Lyon Ecully,"21 Rue Jean Marie Vianney, Le Perollier, Écully",ChIJSR90jbvs9EcRfmw8zhXMgJI
344,2,Decathlon,"Centre Commercial Part Dieu, 17 Rue Dr Bouchut, Lyon",ChIJw6yE1l3q9EcRoktLusJkKso
345,2,Decathlon Saint Etienne Villars,"Rue De Chabannes, Chem. de Montravel Zac De, Villars",ChIJY4kWmbut9UcReiaEZTndrGw
346,2,Decathlon,"332 Av. Général de Gaulle, Bron",ChIJ-9ihrmDB9EcRex7pG-4Tf7A
347,2,Decathlon Lyon Beynost,"Zac Des Batterses Centre Commercial Beynost 2, Beynost",ChIJ1YQlzd249EcRF5UoD9BGhGc
348,2,Decathlon Lyon Limonest,"Chem. des Tuileries, Limonest",ChIJoy48-z6T9EcRAeblayWtOcw
349,2,Decathlon Saint Etienne Monthieu,"2 Rue Ferrer Centre Commercial STEEL, Saint-Étienne",ChIJt5Hn1s2r9UcR6Zdta-43xoE
350,2,Decathlon Bourgoin Jallieu,"8 Rue Edouard Branly, Bourgoin-Jallieu",ChIJlT6JuUssi0cRwC5hfc3_ExI
351,2,Decathlon Salaise Sur Sanne,"Zone Green 7 Rn 7, Avenue Plain Sud, Salaise-sur-Sanne",ChIJFUU04GY99UcRDbfDoopQ1t4
352,2,Decathlon Bourg En Bresse,"15 Av. des Belges, Bourg-en-Bresse",ChIJz6fnIY1R80cR72uFOwPSiQo
353,2,Decathlon Chasse Sur Rhone,"1963 Av. Frédéric Mistral, Chasse-sur-Rhône",ChIJyynOX8zg9EcR1Tn4C7TtxLU
354,2,Decathlon Essentiel Tignieu-Jameyzieu,"Centre Commercial Place Du Dauphiné, Rue des Ardennes, Tignieu-Jameyzieu",ChIJocFBRxHL9EcRH3ht5VewrLo
355,2,Decathlon City Lyon Grolée-Carnot,"3 Rue du Président Carnot, Lyon",ChIJvXGm7Wnr9EcRZm-t6bw4ikA
356,2,Decathlon Villefranche Sur Saône,"1840 Rte de Frans, Villefranche-sur-Saône",ChIJf_AV_M6a9EcRij6bsJ65-hY
357,2,Decathlon Pop up Grand Parc de Miribel Jonage,"Chem. de la Bletta, Vaulx-en-Velin",ChIJYwqBit2_9EcR7dGrauJONaU
358,2,Decathlon Village,"322 Av. Général de Gaulle, Bron",ChIJ8-ePD17B9EcRqgKVJHUDcl4
359,2,Decathlon Châlons-Fagnières,"Rte d'Epernay, Fagnières",ChIJO1BuxLTg60cR5faUmAeydhE
360,2,Decathlon Reims La Neuvillette,"Actipole La Neuvillette, Reims",ChIJQXN6q3l16UcRF7qXlycB8Zk
361,2,Decathlon Reims Cormontreuil,"Bd d'Alsace Lorraine, Cormontreuil",ChIJYfL4VHN06UcRIUPayOJyAU0
362,2,Decathlon Essentiel Château Thierry,"Av. du Général de Gaulle, Essômes-sur-Marne",ChIJm-8E8ofo6EcRgWMpPGMtykE
363,2,Decathlon Essentiel Laon Chambry,"Zone Commerciale Leclerc, Rue Descartes, Chambry",ChIJ8cf8EtS06UcRRhJbgnoBRak
364,2,Decathlon,"Zone Commerciale Atlantis, Pl. Océane, Saint-Herblain",ChIJOTyG1sDsBUgRHhNWCSKp77Q
365,2,Decathlon Nantes Vertou,"Rue des Grands Châtaigniers, Vertou",ChIJTe3BxDrmBUgRfljpFTAzv8A
366,2,Decathlon Challans,"90A Bd Jean XXIII, Challans",ChIJt4HjemKrBUgRcCnl-mrfNtI
367,2,Decathlon Nantes Paridis,"148 Rue du Perray, Nantes",ChIJK-OZ163vBUgRTUV0jd-WdWE
368,2,Decathlon Les Herbiers,"Zac De La Tibourgère, Les Herbiers",ChIJp6qgmSJhBkgRGoiPkOVAyjg
369,2,Decathlon Ancenis Saint Géréon,"778 Bd de la Prairie, Ancenis-Saint-Géréon",ChIJ1UZ6yZwDBkgRRb_H4zV8_No
370,2,Decathlon Pornic,"10 Rue Jean Monnet, Pornic",ChIJ0-b1oshyBUgRWtT4hhpXayQ
371,2,Decathlon Atelier Régional Ouest,"Bâtiment bleu, 18 Rue Marcel Dassault, Sainte-Luce-sur-Loire",ChIJfY6Ydf7lBUgRRtCf8M5jstU
372,2,Decathlon Rennes Chantepie,"3 Rue du Moulin, Chantepie",ChIJv8X-nD7cDkgRTt-BKu32g4k
373,2,Decathlon Rennes Betton,"Village La Forme, Betton",ChIJv8X-nD7cDkgRCO8vPc5yvtc
374,2,Decathlon Dinan,"Cap Rance, Rte de Dinard, Taden",ChIJfz9rknGJDkgRGhfTPj3epwI
375,2,Decathlon Essentiel Rennes,"Rue René Collin, Rennes",ChIJyzMYcRneDkgRIwbNOpILRt8
376,2,Decathlon Essentiel Châteaubriant,"1 Rue du Général Patton, Châteaubriant",ChIJu_1pc6dLD0gRVazmhSLykcM
377,2,Decathlon Bordeaux Bouliac,"Bonneau Lieu-Dit, Bouliac",ChIJ0_AQ87QlVQ0RBGJh1A2F7Cs
378,2,Decathlon Bordeaux Begles,"1 Rue des Frères Lumière, Bègles",ChIJU7yFpKQmVQ0R--YkoYVlfQY
379,2,Decathlon La Teste de Buch,"1 Rue Georges Charpak, La Teste-de-Buch",ChIJL1HjE_-bVA0RPM2w2wJidh4
380,2,Decathlon Essentiel Saint-André De Cubzac,"240 Av. Boucicaut, Saint-André-de-Cubzac",ChIJLxs4fOsnAEgRKJqqjAzRsGE
381,2,Decathlon Bordeaux Mérignac,"5 Rue Hipparque, Mérignac",ChIJXxQi1CHaVA0R2vehv-xP-qg
382,2,Decathlon Bordeaux Lac,"Av. des 40 Journaux, Bordeaux",ChIJYcdb0FYoVQ0RgjI34cZ2inE
383,2,Decathlon Essentiel Libourne - Bordeaux,"57 Av. Georges Pompidou, Libourne",ChIJaczvIwlLVQ0R-uwOYxxI4ow
384,2,Decathlon City Bordeaux - Sainte Catherine,"130 Rue Sainte-Catherine, Bordeaux",ChIJ_7DZmsUnVQ0Rx0v93cPReSo
385,2,Decathlon Cestas Solognac Caperlan,"La Lande De Jauge Parc De Jarry II, Cestas",ChIJ3xPFjD_dVA0RHAq0MigosK0
386,3,Leroy Merlin Villeneuve-d'Ascq - Lille,"Rue de Versailles, Villeneuve-d'Ascq",ChIJtSGtmTnWwkcRzshgWZu7M2E
387,3,Leroy Merlin Verquin - Béthune,"Rue Jean Jaurès, Verquin",ChIJRwRfW-ci3UcRNsgUzLBRt2E
388,3,Leroy Merlin La Sentinelle - Valenciennes - St Quentin - Cambrai,"Avenue Jean Jaurès, RN 30, La Sentinelle",ChIJRSzm-VzswkcRIe-_CgPVKU0
389,3,Leroy Merlin Neuville-en-Ferrain - Lille,"Centre Commercial Auchan, Neuville-en-Ferrain",ChIJH07Qv3Avw0cRuv9qTg5Td3Y
390,3,Leroy Merlin Waziers - Douai,"Avenue De Commerce Et De L'Artisanat, Waziers",ChIJ4wr8-E7JwkcRfqy7WYf1wRc
391,3,Leroy Merlin Vendin-le-Vieil - Lens,"Centre Commercial Lens 2, Vendin-le-Vieil",ChIJxc1_yDkw3UcRash2yePTFVc
392,3,Leroy Merlin Arras,"Rue Léon Foucault, Arras",ChIJM0wiPp5H3UcRVgP0k7MeLpM
393,3,Leroy Merlin Lesquin - Lille,"51 Rte de Douai, Lesquin",ChIJ55dHiSbUwkcRvFg74qpc3es
394,3,Leroy Merlin,"Rue Chanzy, Lezennes",ChIJra5Gi0HWwkcRsKmFa1bJG0E
395,3,Leroy Merlin Ivry-sur-Seine,"2-12 Rue François Mitterrand, Ivry-sur-Seine",ChIJ2VseprRz5kcRVeM7m6hMPmw
396,3,Leroy Merlin Livry-Gargan,"All. Jean Coulon, Livry-Gargan",ChIJMcE8vFUR5kcRI29x4ce7xDU
397,3,Leroy Merlin Massy,"2 Rue de l'Aulnaye Dracourt, Massy",ChIJyextCJJ35kcRsYrhW-0BJnY
398,3,Leroy Merlin Rosny-Sous-Bois,"7 Rue de Lisbonne, Rosny-sous-Bois",ChIJ4TBx8Q0J6UcRfxyxP7CvgG4
399,3,Leroy Merlin Montigny,"45 Bd Victor Bordier, Montigny-lès-Cormeilles",ChIJiS5EEzJn5kcR3CcHP3RLR6U
400,3,Leroy Merlin,"139 Av. Daumesnil, Paris",ChIJedkzTRJy5kcRBm-Ud0ppR28
401,3,Leroy Merlin Bois-d'Arcy - Versailles,"Zac De La Croix Bonnet, Av. Fritz Lang, Bois-d'Arcy",ChIJB5eEd6OG5kcRVJ9GfbI1yH8
402,3,Leroy Merlin Nanterre,"140 Rue de Sartrouville, Nanterre",ChIJL8uhl0Nk5kcRHZmfLvbanXk
403,3,Leroy Merlin Bonneuil-sur-Marne - Créteil,"1 Av. du Bicentenaire 1789-1989, Bonneuil-sur-Marne",ChIJNVS4e50L5kcR_lLudJyixU4
404,3,Leroy Merlin,"52 Bd de Stalingrad, Vitry-sur-Seine",ChIJ58_GXcBz5kcRClLTUF4vkys
405,3,Leroy Merlin Saint-Denis-la-Plaine,"la-Plaine, Zac Cornillon Nord, Rue Henri Delaunay, Saint-Denis",ChIJlbLsq7pu5kcRpAWyFElqWzY
406,3,Leroy Merlin Gennevilliers,"121 Av. du Vieux Chemin de Saint-Denis, Gennevilliers",ChIJ58p1lC5v5kcR717DrxBrNxo
407,3,Leroy Merlin Montsoult,"Zone industrielle Du Belloy, Nationale 1, Montsoult",ChIJQwFsPhFD5kcRpmKTfD8YAe4
408,3,Leroy Merlin Rueil-Malmaison,"58 Avenue De Fouilleuse Bp 40211 proche hippodrome de Saint-Cloud Les Hauts de, Rueil-Malmaison",ChIJUZPCeaxk5kcRv6vKfqpDjU0
409,3,Leroy Merlin Osny,"Centre Commercial De L'Oseraie, Chem. du Poirier Charles Guérin, Osny",ChIJY_ftY1H05kcRFmDddgMYYYc
410,3,Leroy Merlin Collégien,"Rue du Général de Gaulle, Collégien",ChIJH1iNbLMh-kcRf7-hK8kItgQ
411,3,Leroy Merlin Gonesse,"1 Rond-point de la Croix St. Benoît, Gonesse",ChIJv02VHt9q5kcRmi97zW-seg4
412,3,Leroy Merlin Paris 19 - Rosa Parks,"159 Bd Macdonald, Paris",ChIJt7hMXCxs5kcRwoooEKNBjc4
413,3,Leroy Merlin Chelles,"1 Av. Guy Rabourdin, Chelles",ChIJBWmtLVIQ5kcRex--YLXhwNw
414,3,Leroy Merlin Meaux,"3 Av. Roland Moreno, Chauconin-Neufmontiers",ChIJ8xQhU3qg6EcR7Jf4_5qUqns
415,3,Leroy Merlin Lognes,"Bd du Segrais, Lognes",ChIJJUasc1wF5kcRsZfqACOIt54
416,3,Leroy Merlin Buchelay - Mantes,"232 Av. Du Bearn, Buchelay",ChIJP1CFulu-5kcRZjKpHSr2SVY
417,3,Leroy Merlin Brie-Comte-Robert,"Rue de la Butte aux Bergers, Brie-Comte-Robert",ChIJJ6OllRYI5kcRXxKGTWrZPDE
418,3,Leroy Merlin Sainte-Geneviève-des-Bois - La Croix Blanche,"Zac De La Croix Blanche, Av. de l'Hurepoix, Sainte-Geneviève-des-Bois",ChIJx6pXN1PZ5UcRrrXGgK3kh3o
419,3,Leroy Merlin Cesson - Melun,"Rue du Bois des Saints-Pères, Cesson",ChIJJ5TYTsXk5UcRqNVGVgZGP50
420,3,Leroy Merlin Saint-Ouen - Paris,"Leroy Merlin, 9 Rue Ardoin, Saint-Ouen-sur-Seine",ChIJlRSpouNu5kcRnRv3haSk-cg
421,3,Leroy Merlin Paris-Beaubourg,"52 Rue Rambuteau, Paris",ChIJI5a18htu5kcRjDc12Ef6kuQ
422,3,Leroy Merlin La Madeleine - Paris 8,"25-27 Pl. de la Madeleine, Paris",ChIJ6bKzIDVv5kcRuziyusS2TIA
423,3,Leroy Merlin - Cours des Matériaux,"ZAC de la Coix Bonnet, 78390, Bois-d'Arcy",ChIJvbJZPVeH5kcRrb2R8sNAYDM
424,3,Leroy Merlin Bonneuil-sur-Marne Espace Matériaux,"Av. Rodolphe Hottinguer, Bonneuil-sur-Marne",ChIJgWQJZJ0L5kcRD1ja9I4YfYw
425,3,Leroy Merlin - Cour des Matériaux.. Herblay,"5-7 Ave. Louis Armand, Herblay-sur-Seine",ChIJ3QW3M4Rf5kcRikQCxauuGBM
426,3,Cour des matériaux - Leroy Merlin Gennevilliers,"106 Av. du Vieux Chemin de Saint-Denis, Gennevilliers",ChIJvR2VSy5v5kcRRG0Em26rlHo
427,3,Entrepôt Dédié à Leroy Merlin Ste Geneviève des Bois,"33 Rue Gustave Eiffel, Bondoufle",ChIJS3tGtNnf5UcRAFec_GmVGlw
428,3,Leroy Merlin Le Kiosque,"148 Av. Emile Zola, Paris",ChIJhcX8bgRx5kcRB4qtN27NrvY
429,3,Leroy Merlin retrait marchandises,"21 Rue de Bretagne, Ivry-sur-Seine",ChIJgSgX9Upz5kcRc4JHdIMiu9Y
430,3,Leroy Merlin Salle de bains Paris 15ème,"150 Av. Emile Zola, Paris",ChIJT80NTvhx5kcRRuKzn500u-8
431,3,Leroy Merlin - Retrait Marchandises,"2 Rue de l'Aulnaye Dracourt, Massy",ChIJud309Bd35kcR8mRW6dU7Kng
432,3,Leroy Merlin Cuisine,"40 B Rue Violet, Paris",ChIJ0ULfrAFx5kcRNvDbDL5fmMA
433,3,Cour des Matériaux - Leroy Merlin Osny,"Chem. du Poirier Charles Guérin, Osny",ChIJr3UGKbr15kcRscUQTgDqNt4
434,3,Leroy Merlin Cuisine Dressing,"15 Rue Brantôme, Paris",ChIJUapUdFlv5kcRgCfCiFZKeYM
435,3,Leroy Merlin La Valentine - Marseille,"Av. François Chardigny, Marseille",ChIJF_fOyRi8yRIRNzeqPeF5LPg
436,3,Leroy Merlin La Valette-du-Var - Toulon,"Rue des Commandos d'Afrique, La Valette-du-Var",ChIJa5_WFp8ZyRIRRGaRLA8MwQw
437,3,Leroy Merlin Aubagne - Marseille,"Avenue de la Baumone, Aubagne",ChIJwctWDzejyRIRwyJ6ejekwiw
438,3,Leroy Merlin Grand Littoral - Marseille,"LEROY MERLIN Centre commercial Grand Littoral Zac De, Marseille",ChIJhyuT_9nByRIRfxHEFq-QewU
439,3,Leroy Merlin Martigues - Marseille,"Chem. de Barboussade, Martigues",ChIJSdKFn9EfthIR-6-Iydlt1W0
440,3,Leroy Merlin Cabries - Marseille,"Plan de Campagne, Centre Commercial, Rue Honoré Martin, Cabriès",ChIJp5TfenLryRIRBeeksoPjc6c
441,3,Leroy Merlin Retrait Des Marchandises S.A.V,La Valette-du-Var,ChIJYWr6wpgZyRIR4at-Nre3Alo
442,3,Leroy Merlin,"11 Avenue de St antoine, Marseille",ChIJiYEMjHvqyRIRJprfvmAOIgs
443,3,Leroy Merlin construction jardin,"533 Rue Honoré Martin, Cabriès",ChIJbfWwgHTryRIR0Rfx0i50VbM
444,3,LA COUR DES MATERIAUX - Leroy Merlin,"Rue Honoré Martin, Cabriès",ChIJUWI_zNnryRIR6yJybFw_vGc
445,3,Retrait Marchandise Leroy Merlin Cabries,"541 Rue Honoré Martin, Cabriès",ChIJw_aCdnDryRIRvwglD_QPyAc
446,3,"Leroy Merlin, la cour des matériaux",La Valette-du-Var,ChIJO2znKZkZyRIRpu5-GpPCgbg
447,3,Leroy Merlin Lyon Grand Parilly,"1 Rue Simone Veil, Vénissieux",ChIJJ9cmD3vD9EcRNKG5295twPc
448,3,Leroy Merlin Saint-Priest-en-Jarez - Saint-Etienne,"LEROY MERLIN, 3 Av. Pierre Mendès France, Saint-Priest-en-Jarez",ChIJH7l3hUKs9UcRvPYqpvnIKYc
449,3,Leroy Merlin,"LEROY MERLIN, 12 Av. Victor Hugo, Tassin-la-Demi-Lune",ChIJpeW73oHs9EcRV9MpsNFcMJY
450,3,Leroy Merlin Vourles meubles cuisine,"13 Av. du Général Brosset, Vourles",ChIJi1l9JV_v9EcRmfHwl_YGmAw
451,3,Leroy Merlin Saint-Etienne Steel,"Leroy Merlin St-Etienne Steel, Rue Ferrer, Saint-Étienne",ChIJVYJnHpsA9UcRo11PUvF8_1U
452,3,Retrait Leroy Merlin,"1 Rue Simone Veil, Vénissieux",ChIJNbgVgtvD9EcRtYpRr0SrnIk
453,3,Entrepôt Leroy Merlin (tassin),"6 Chem. du Plateau, Dardilly",ChIJr8XLZEPt9EcRXwC_ayfCBMo
454,3,Leroy Merlin Descarga Camiones,"3 Av. Pierre Mendès France, Saint-Priest-en-Jarez",ChIJKeWCN2at9UcRWA_axB3KbhQ
455,3,Leroy Merlin La Neuvillette - Reims,"Rue du Dr Robert Creusat, Reims",ChIJSZwk3Xt16UcRVlhVZdc8uSQ
456,3,Leroy Merlin Cormontreuil - Reims,"Av. des Goisses, Cormontreuil",ChIJuf3E-gp06UcR4bTOmwCw2yw
457,3,Leroy Merlin Nantes-Rezé,"5 Rue Ordronneau, Rezé",ChIJc7egae3rBUgRAvxwjftx5aI
458,3,Leroy Merlin,"31 Rue de la Héronnière, Trignac",ChIJHXOltvxkBUgRYOQOcNTZzQ4
459,3,Leroy Merlin Cholet,"Bd Jacques Cassini, Cholet",ChIJhdiuAMNDBkgRLwe-lXzZrPo
460,3,Leroy Merlin Basse Goulaine,"Rte de Clisson, Basse-Goulaine",ChIJyRFLfRTnBUgROU_FYECUY5o
461,3,Leroy Merlin Retrait marchandises - SAV Leroy Merlin Basse-Goulaine,"All. des Cinq Continents, Vertou",ChIJQZJPKrnnBUgRbgTH7VUDQxA
462,3,Leroy Merlin Rennes Nord - Betton,"Leroy Merlin Rennes Nord - Betton zone d'activité économique Du Pluvignon Rocade Nord-Village De La Forme, Betton",ChIJ_TUzfD7cDkgRUR3djHoxUOQ
463,3,Leroy Merlin,"18 All. de Guerlédan, Chantepie",ChIJiY3UGDbfDkgRe1Tjhh9hTKY
464,3,Leroy Merlin Mérignac - Bordeaux,"90 Av. Henri Vigneau, Mérignac",ChIJU5cd4vPZVA0RlG2pGWv5zaA
465,3,Leroy Merlin Bordeaux,"Av. des 40 Journaux, Bordeaux",ChIJw2LQtqqq4UcRQlPvptLO5V0
466,3,Leroy Merlin,"7 Av. de l'Hippodrome, Gradignan",ChIJDY2xhSvZVA0RlR3kBXUJKwM
467,3,Leroy Merlin Bouliac - Bordeaux,"18 Rue de la Gabarre, Bouliac",ChIJqTkrwrMlVQ0RquHMmDB_tdw
468,3,Leroy Merlin Biganos - Bassin d'Arcachon,"Lieu-dit ""Le, Moulin de la Cassadote, Biganos",ChIJK7vu4V2UVA0Rfvu7hnL3rBE
469,3,Terrasse et Jardin Leroy Merlin Mérignac,"26 Rue Jacques Anquetil, Mérignac",ChIJQ2ktzjPZVA0Rm5DAOMNP4To
470,3,Leroy Merlin Bordeaux (Cour des matériaux),"3 Rue Dumont d'Urville, Bordeaux",ChIJwZV44vgoVQ0RxYVYF3JPtgM
471,4,Norauto Faches Thumesnil,"Rue De L'egalite Prolongee Centre Commercial Auchan, Faches-Thumesnil",ChIJ5RnapDPVwkcRJ2hgCFG81-0
472,4,Norauto Lille Loos,"92 Rue Georges Potié, Loos",ChIJ5RnapDPVwkcR_1hTEFQYOvo
473,4,Norauto Noyelles Godault,"centre commercial Auchan, Noyelles-Godault",ChIJ41zJmbXMwkcR6k1p9Rm-tdM
474,4,Norauto Sin Le Noble,"Centre Commercial Auchan, Z. A. C, Sin-le-Noble",ChIJYXHQdqbJwkcR8hiiGWDo_fQ
475,4,Norauto Englos,"Centre Commercial Auchan Englos Les Geants, Haubourdin",ChIJ70Vs19oq3UcRz3NEGqf21bU
476,4,Norauto Coudekerque,"Centre Commercial Cora, 61 Rue du Boernhol, Coudekerque-Branche",ChIJK_0uAFEstBIRReh0IS9Y6hM
477,4,Norauto Roncq,"Centre Commercial Auchan, 324 Rue Henri Barbusse, Roncq",ChIJP2PG5b8uw0cRekO8CMhnJrM
478,4,Norauto Bethune,"Centre Commercial Auchan La Rotonde, Béthune",ChIJvVsoiFki3UcR_rF7UtrseA4
479,4,Norauto,"Ccial Auchan, Rue Evariste Galois, Petite-Forêt",ChIJ_6hSbRnswkcRt2j5uRlH3xY
480,4,Norauto Lambersart,"Rond Point De L'ingenieur Bertin, Rdpt Ingénieur Bertin, Lambersart",ChIJ7wNrabYqw0cRBYKtFgvasGE
481,4,Norauto Aire Sur La Lys,"Centre Commercial Carrefour, Aire-sur-la-Lys",ChIJy30gnJYC3UcR-bOP5DWJmFo
482,4,Norauto Le Quesnoy,"Les Pres Du Roi Cd 934 Cc Les Portes De L'avenois, Le Quesnoy",ChIJk4Qi_oCLwkcR0dr6o2twA_s
483,4,Norauto Villeneuve D'ascq,"Centre Commercial Auchan, 117 Bd de Valmy, Villeneuve-d'Ascq",ChIJ0QclVT_WwkcR6DC-dvbKFxw
484,4,Norauto Lille La Pilaterie,"395 Rue du Général de Gaulle Batiment A, Marcq-en-Barœul",ChIJ4cLWTu8pw0cRQS9b4PF49Zo
485,4,Norauto Bailleul,"Rue Johannes Gutenberg, Bailleul",ChIJT5i1BODb3EcR4JR1-LaxZyE
486,4,Norauto Lievin,"Centre Commercial Carrefour, Rue Bernard Chochoy Zal N 1, Liévin",ChIJr1rbzG063UcRAw4ky8gINaw
487,4,Norauto Seclin,"Zac De L'epinette, Rue de l'Industrie, Seclin",ChIJbRDwKYTTwkcR0_41EerdCug
488,4,Norauto Cambrai,"Rue de Naves Centre Commercial Auchan, Cambrai",ChIJ4ZDeN2O8wkcR0Ck4zrCeD9I
489,4,Norauto,"Chem. de Spillemacker, Hazebrouck",ChIJs_W9EbTm3EcRarlir2glIHA
490,4,Norauto Arras Duisans,"Parc Des Bonnettes, Duisans FR, Route De St Pol, Arras",ChIJe1r5ZthH3UcRqu3y5vHuY_s
491,4,Norauto Lens 2,"Centre Commercial Lens 2, Vendin-le-Vieil",ChIJKRdG6-Ax3UcR1I_C3tv_8yQ
492,4,Norauto,"Centre Commercial Auchan, 22 Av. de l'Europe, Leers",ChIJr1zqxDUmw0cRt5y_1MJJywc
493,4,Norauto Aulnoy Lez Valenciennes,"Rue Jules Mousseron, Aulnoy-Lez-Valenciennes",ChIJjfCI6KftwkcRVBj4-OabctA
494,4,Norauto Franchise,"2A Bd Van Gogh, Villeneuve-d'Ascq",ChIJAQDwSOLWwkcRCb6BZPQpB-Q
495,4,Entrepôt Norauto,"571 Rue de la Louvière, Lesquin",ChIJF8rBou7WwkcRVHT5xalJuTk
496,4,Norauto Champigny Sur Marne,"139 Rue Alexandre Fourny, Champigny-sur-Marne",ChIJJecqPbYN5kcR-qZk2VUenUY
497,4,Norauto Argenteuil,"Zac De La, Rn 192, Rue de la Fosse aux Loups, Argenteuil",ChIJ--1-zqRm5kcRGVmcs1twEgA
498,4,Norauto Garges Les Gonesse,"Aux Pretes, Zac De La Fontaine, 1 Rue Jacques Anquetil, Garges-lès-Gonesse",ChIJQWO8Npng4EcRYag0k7iyHo0
499,4,Norauto Epinay,"15-19, Av. Salvador Allende, Épinay-sur-Seine",ChIJjYyYJsBo5kcR6FTiGZqaii8
500,4,Norauto Neuilly Sur Marne,"Cc Auchan Baobab, 9 Bd du Maréchal Foch, Neuilly-sur-Marne",ChIJhwmCB3US5kcRzMpYCvqXUn0
501,4,Norauto Grigny,"Centre Commercial Zac La Plaine Basse, Rue Ferdinand de Lesseps, Grigny",ChIJ4fkmJabf5UcRpS09M07OWzA
502,4,Norauto Bonneuil Sur Marne,"17 Av. de la Convention, Bonneuil-sur-Marne",ChIJfyNmg3sL5kcRNrKp4OlTKSo
503,4,Norauto Vigneux - Montgeron,"Centre Commercial Valdoly, 4 Rue des Gaulois, Vigneux-sur-Seine",ChIJVb0jWbsK5kcRtjURS931ho4
504,4,Norauto Livry Gargan,"16-20 All. Jean Coulon, Livry-Gargan",ChIJw6OSNFQR5kcR96sdU2t3knI
505,4,Norauto Montigny,"39 Boulevard Bordier, Rn 14, Montigny",ChIJF0od1zJn5kcRBp6zRKKmx4o
506,4,Norauto Saint Brice,"ZAE Les Perruches, Centre Commercial Carrefour, Rue Jean Monnet, Saint-Brice-sous-Forêt",ChIJKQeNK8Bp5kcR4tV5BfyMSd8
507,4,Norauto Chambourcy,"Centre Commercial Carrefour, Rue De La Remise, Chambourcy",ChIJyeTyEiOJ5kcRe6qCE1bCWgQ
508,4,Norauto Ville Du Bois,"Les Florelites, Centre Commercial Carrefour, N20, La ville-du-Bois",ChIJF_wfW-i6rhIRTY9ut-0P7_A
509,4,Norauto Bobigny,"Zac De La Vache A L Aise, Rue Marat, Bobigny",ChIJWSG_n4xs5kcR5FfYBF6WZls
510,4,Norauto Plaisir,"Centre Commercial Grand, Plaisir",ChIJSQPVVAeF5kcRu8-VBcUZOh4
511,4,Norauto Velizy,"Zone D Activite De Velizy, 4 Rue Dewoitine, Vélizy-Villacoublay",ChIJKcgdUdd75kcR8c1IfS3Edns
512,4,Norauto Sevran,"Parking, Centre Commercial Beau Sevran, Av. Martin Luther King, Sevran",ChIJn9xAPWYU5kcR1Voxwzkquko
513,4,Norauto Boussy St Antoine,"centre commercial Val D'Yerres, 2, Boussy-Saint-Antoine",ChIJ6-8iEAPi5UcRc5P-xVJlNjU
514,4,Norauto Melun Vert Saint Denis,"3 Rue Aristide Briand, Vert-Saint-Denis",ChIJYw6XSIX65UcRWg4s6dwYOUM
515,4,Norauto,"Centre Commercial Regional Thiais Belle Epine, Bp303, Thiais",ChIJLxVW_DVx5kcR9OKzBF_52kA
516,4,Norauto Courtaboeuf,"Mosaic Parc Courtaboeuf, 4 Av. de la Baltique, Villebon-sur-Yvette",ChIJ61VGSHnX5UcR6RP4GgIUqSU
517,4,Norauto Creteil,"C C Carrefour Pompadour- Rn 6, Rue de la Font Saint-Christophe, Créteil",ChIJsw7qalpz5kcRd4hFrKwFmZk
518,4,Norauto Flins,"Centre Commercial Carrefour, RD 14, Flins-sur-Seine",ChIJ1UFzL7iT5kcRoKjzIgS0his
519,4,Norauto Meaux,"Face Centre Cial Leclerc, Rue Georges Claude, Meaux",ChIJI5b6Mnyh6EcRaTZM0NfchV4
520,4,Norauto La Queue En Brie,"Centre Com Moulin, Rue des Prés de Champlain, La Queue-en-Brie",ChIJncxhLZYO5kcRytlJkza7IbI
521,4,Norauto,"Parc D'activite De L Oseraie, Osny",ChIJY_ftY1H05kcRIuHsNtj-HzQ
522,4,Norauto Torcy,"Centre Commercial Carrefour, Av. de Lingenfeld, Torcy",ChIJn879V0gF5kcROzr9vamDDS4
523,4,Norauto,"Centre Commercial Auchan, Av. de la Maison Neuve Cd 19, Brétigny-sur-Orge",ChIJD2KfTLLb5UcRitzbUC9bF0s
524,4,Norauto Brie Comte Robert,"Za De La Haie Passart, Brie-Comte-Robert",ChIJJYIBOh0I5kcRNI6xepxWABE
525,4,Norauto Moisselles,"La Plaine De France, Rn1, Moisselles",ChIJMdGIURFD5kcRrmHbKf1BxOo
526,4,Norauto Villabe,"12 Av. des Courtes Epluches, Villabé",ChIJnczWpm3n5UcRS7BR-Q52Wsk
527,4,Norauto Chambly,"401 Rte de Beaumont, Chambly",ChIJT8z03_Ra5kcRzfayy7i5EoE
528,4,Norauto Buchelay,"Centre Commercial Auchan Buchelay, Cd 10, Mantes-la-Ville",ChIJP1CFulu-5kcRyVOUCQvCOWo
529,4,Norauto Saint Mard,"Zac De La, 13 Av. de la Font du Berger, Saint-Mard",ChIJZy8VDewi5kcRsEZ7V7ipprs
530,4,Norauto Dammarie Les Lys,"Zac Champlys, Rue Léon Foucault, Dammarie-les-Lys",ChIJHxHk9R_w5UcRd0hJ8TEAtnY
531,4,Norauto Pont Ste Maxence,"Av. d'Auvelais, Pont-Sainte-Maxence",ChIJk77mFWkz5kcRrgnRk-wqcdE
532,4,Norauto Acheres,"Zac Du Chemin Neuf, 4 Rue Wolfgang Amadeus Mozart, Achères",ChIJlwGLj8qL5kcR_SeIXkDPV7w
533,4,Norauto,"Centre Commercial Paris West Angle, Rue Galois Cd 13, Maurepas",ChIJ70Vs19oq3UcRs79Fgv2qgW0
534,4,Norauto Meru,"2 Rue Emile Zola, Méru",ChIJ1f2P1FZX5kcRV30PvKoA_X0
535,4,Norauto Creil Saint Maximin,"Zac Des Longeres En Haies, 152 Av. de la Paix, Saint-Maximin",ChIJldz3xQ9K5kcR4xx-tzq_HrQ
536,4,Norauto La Queue Lez Yvelines,"Zi Les Croix, La Queue-lez-Yvelines",ChIJA2bUp9-Y5kcRO-yCqS_FpI4
537,4,Norauto Rambouillet,"Le Brayphin, Rue Marcel Dassault, Gazeran",ChIJMeLccXch5EcRrpYyLopZFoo
538,4,Norauto Chamant,"Av. du Poteau, Chamant",ChIJdRu37SYx5kcRyo_nFOEprng
539,4,Norauto (Etampes),"Zac Du Bois Bourdon, Rue des Épinants, Étampes",ChIJp0VF7ujL5UcRKV3HCHt4zMk
540,4,Calivry (Norauto),"16-20 All. Jean Coulon, Livry-Gargan",ChIJkUnzt1UR5kcRilfaFXYQ1W0
541,4,Norauto Plan De Campagne,"Lieu Dit Le Rigonds Centre Com, Chem. des Rigons, Les Pennes-Mirabeau",ChIJEeMR1IrqtRIR5UkhfjLv314
542,4,Norauto Toulon,"601 Av. Aristide Briand, Toulon",ChIJ1RbtJDMbyRIRm7-FcjDRk7s
543,4,Norauto Aubagne,"Centre Commercial Auchan Barneoud, Aubagne",ChIJyyal8DOjyRIRm2d6z0kKD-k
544,4,Norauto,"Centre Commercial Auchan, Bd Paul Eluard, Martigues",ChIJGajUwCUethIRQ9ZXxCnA1F0
545,4,Norauto Ollioules,"Centre Commercial Carrefour, Chemin N 7, Ollioules",ChIJW402I8EEyRIRTQ1mjcGwwWw
546,4,Norauto Istres,"Parking C C Geant, Istres",ChIJqzELgHgbthIRYrVLXXHv_Fk
547,4,Norauto Vitrolles,"Centre Commercial Vitrolles Espace Rn113, Vitrolles",ChIJYSJeiNHoyRIRL2UtXfvCmp8
548,4,Norauto Salon De Provence,"Les Broquetiers Angle Rd538, Chem. des Entrages, Salon-de-Provence",ChIJL9g9ZmD-yRIRmKlcMwdGr6k
549,4,Norauto Pertuis,"1052 Bd Jean Guigues, Pertuis",ChIJU33K1yAnyhIRxU4tkWTw-7U
550,4,Norauto Venelles,"Parking Intermarche, Allee De La Carraire, Venelles",ChIJm6_xbAGMyRIRCu_6y8CDbok
551,4,Norauto Trets,"Zac De La Burliere, Trets",ChIJRZOpfFadyRIR0PpjNvmFUE0
552,4,Norauto St-Maximin-La-Ste-Baume,"99 Av. de la Maximinoise, Saint-Maximin-la-Sainte-Baume",ChIJRey164dxyRIRyqmU-xzxAe0
553,4,Norauto,"Centre Commercial Auchan, Rue André Boulloche, Saint-Priest",ChIJEf7cUt7D9EcRVnfuDIEIbbE
554,4,Norauto Lyon 7 Chemins Vaulx En Velin,"243 Av. Franklin Roosevelt, Vaulx-en-Velin",ChIJc7l5OhbB9EcR631FW6Y6y-E
555,4,Norauto Venissieux,"All. des Savoies, Vénissieux",ChIJ4UDLbfvp9EcRoP7kU_zayeQ
556,4,Norauto Meyzieu,"127 Rue de la République, Meyzieu",ChIJI0uq7q_H9EcR7xptYZpGoCM
557,4,Norauto Lyon Caluire,"96 Av. Général Leclerc, Caluire-et-Cuire",ChIJSUORfE6V9EcR8uDAIvjIOMk
558,4,Norauto Bourgoin Jallieu,"12 Av. Henri Barbusse Face C.C Leclerc, Bourgoin-Jallieu",ChIJEeJLFdQti0cRmKxgPMTmJiw
559,4,Norauto Salaise Sur Sanne,"Zone Commerciale De Jonchain Centre Commercial Carrefour, Rue Jonchain N, Salaise-sur-Sanne",ChIJbwFmS1c99UcR0W69PJqn90k
560,4,Norauto Bourg En Bresse,"Centre Commercial De Brou, All. Charles de Gaulle, Bourg-en-Bresse",ChIJEa6WKbJT80cRTB2B0ya6jLE
561,4,Norauto Tignieu-Jameyzieu,"Rue des Ardennes Cc Leclerc, Tignieu-Jameyzieu",ChIJ6Qu67RzL9EcR7IgDFDUzRlc
562,4,Norauto L'arbresle,"Pl. des Trois Communes, Sain-Bel",ChIJ33OVfEiL9EcRSjAm-UI9nB8
563,4,Norauto Meximieux,"Parking Carrefour Zac De La Billonnette, Rue de Lyon, Meximieux",ChIJ92p0oFay9EcRyo20U-N1d8o
564,4,Norauto Limonest,"Zone D'activites Sans Souci, Rn 6, Limonest",ChIJ6UahmhiT9EcRqN3fOXr3LOE
565,4,Norauto Villars,"Centre Commercial Auchan, Villars",ChIJIRsV0a6t9UcR876JoUyDVCQ
566,4,Norauto Beynost,"Zac Des Batterses Cc, Prte de la Dombes, Beynost",ChIJpaQ1HRu59EcR-9nXHQBVlgU
567,4,Norauto Andrezieux Boutheon,"Cc Leclerc -Zac Du Migalon, Rue Charles Voisin, Andrézieux-Bouthéon",ChIJld5w599M9EcRAo21xOXNRvE
568,4,Norauto St Etienne St Geoirs,"30 Chem. de la Pierre, Saint-Étienne-de-Saint-Geoirs",ChIJHwNQ7ZLaikcRU2a9RdC8QT0
569,4,Norauto Feurs,"Centre Commercial Carrefour, Rte de Saint-Etienne, Feurs",ChIJ3XiyiihH9EcRNcIpTtRz_vw
570,4,Norauto,Vaulx-Milieu,ChIJpcmhUjTT9EcRlGdn37ylv8o
571,4,Norauto Reims,"Rue des Blancs Monts, Cormontreuil",ChIJx9lDjAd06UcRQigCDBgns2g
572,4,Norauto Chalons En Champagne,"Av. du Président Roosevelt, Saint-Memmie",ChIJlYHFWrzg60cR8hrGAMxjk18
573,4,Norauto Reims La Neuvillette,"Centre Commercial Cora Zac La Neuvillette, Reims",ChIJXTmQwnt16UcRspUgDrcTSRw
574,4,Norauto Chateau-Thierry,"7 Rue de Champunant, Château-Thierry",ChIJXfR3GFrn6EcRaL7_A50DsGM
575,4,Norauto Laon,"Centre Commercial Carrefour Zac Ile De France, Laon",ChIJY89x20JL6EcRebazgPAHUM0
576,4,Norauto Dizy Epernay,"Cc Les Bas Jardins, Rue de Cumières, Dizy",ChIJg99r5a9s6UcRFuJ-IeUgVV4
577,4,Norauto Orvault,"Cc Leclerc Grandval, Rue des Martinets, Orvault",ChIJAU0a9L_tBUgRweDYRVIuudY
578,4,Norauto St Herblain,"Atlantis, Pl. Océane, Saint-Herblain",ChIJmfjiusHsBUgRpAf_bqusBvs
579,4,Norauto Nantes Reze,"Centre Commercial Leclerc Rte De Pornic, Rue Ordronneau, Rezé",ChIJc7egae3rBUgRl1MNoikbM5Q
580,4,Norauto La Chapelle Sur Erdre,"Centre Commercial Viv Erdre La Berangerais, La Chapelle-sur-Erdre",ChIJXYuohyDuBUgRxO_p0egGnZQ
581,4,Norauto Challans,"Espace Commercial Leclerc, Rue Carnot, Challans",ChIJoeFQb56rBUgRu9huyqROJx4
582,4,Norauto St Nazaire,"Centre Commercial Auchan Zac La, Rue de la Font au Brun, Trignac",ChIJHXOltvxkBUgRYBrhNdsVUK8
583,4,Norauto St Leger /S Cholet,"26 Rue de la Vendée, Saint-Léger-sous-Cholet",ChIJVcp0719BBkgRzVG4r1PpvGQ
584,4,Norauto Saint Gereon,"482 Bd de la Prairie Espace 23, Ancenis-Saint-Géréon",ChIJO-CZ1IIDBkgRC_VsgacXjP4
585,4,Norauto Saint Sebastien,"4 Rue Walt Disney Centre Commercial Auchan, Saint-Sébastien-sur-Loire",ChIJVwgxirnoBUgRXsAW5_nrtls
586,4,Norauto St Hilaire De Loulay,"La Barillere, Rte de Cholet, Montaigu",ChIJGRuXcgfYBUgRQauEuiOTAH4
587,4,Norauto Vallet,"Espace Les Dorices, Rte d'Ancenis, Vallet",ChIJHWSABasLBkgRdTKwF5C644o
588,4,Norauto Aizenay,"C/C Porte Du Littoral, Aizenay",ChIJ77dr_Pw1BEgR3kkeyxHnN9c
589,4,Norauto,"Rue du Chesnay Beauregard, Saint-Grégoire",ChIJ85OLNxveDkgR0QZyHDRJGvA
590,4,Norauto Rennes Chantepie,"Parc D Activites Rocade Sud, Chantepie",ChIJC-ZNEmrfDkgRk7dZRNI5eTY
591,4,Norauto Rennes Longschamps,"Cc Les Longschamps, 9 All. Morvan Lebesque, Rennes",ChIJq6qqqjHeDkgRFXOZR1XQ3MU
592,4,Norauto Chateaugiron,"Zone Commerciale Univer, C Commercial Hyper U, Châteaugiron",ChIJ_3RvdGsoD0gRNNJqjs1ZlTk
593,4,Norauto Chateaubriant,"Zac Vent D Ouest, Rue du Général Patton, Châteaubriant",ChIJn91ZqbBLD0gRZfJl6vP5CGM
594,4,Norauto Montfort Sur Meu,"Le Gouzet Lieu-Dit, Bédée",ChIJH26JKgr8DkgRJKpYz3xhvls
595,4,Norauto Bain De Bretagne,"Zac De Chateau Gaillard, 23 Rue des Estuaires, Bain-de-Bretagne",ChIJJZj0rLw5D0gRgVHzYICGDgg
596,4,Norauto Dinan,"Parking Cc Leclerc, Dinan",ChIJ89zlekCKDkgRJkPhgfMpHhk
597,4,Norauto Talence,"Rue Pacaris Cc E Leclerc, Talence",ChIJE8R-TxMnVQ0RAWgZobx5NUM
598,4,Norauto Cavignac,"Retail Park - C Commercial U, 4 Lieu Dit Rillac, Cavignac",ChIJA_5bhG0kAEgR0O4oDT9RTUI
599,4,Norauto Creon,"C/C La Ferriere Route De Sauveterre, Créon",ChIJ3yxfJM0-VQ0RlFl5ns34tMs
600,4,Norauto Bordeaux Merignac,"Espace Commercial, 2Rue Georges Ohm, Mérignac",ChIJQwHeWu3ZVA0RAEKldS30LXo
601,4,Norauto,"Centre Commercial, Av. des 40 Journaux, Bordeaux",ChIJ_____0woVQ0RnjEC_-mFZA0
602,4,Norauto Biganos,"21 Rue Gutemberg Ld, Moulin de la Cassadote, Biganos",ChIJXfsis12UVA0RzTF3lCKoKe4
603,4,Norauto Gujan Mestras,"Av. de Césarée Parking Hyper U, Gujan-Mestras",ChIJ06QcbhSaVA0RMTY3uf0FkD4
604,4,Norauto Coutras,"Face Au Cc Leclerc, Rue François Mitterrand, Coutras",ChIJsSk7RwUDAEgRwKgzvUDNWpI
605,4,Norauto Libourne,"102 Av. du Général de Gaulle C/C, Libourne",ChIJf6bwzmlJVQ0RZYTpdMHJcTc
606,4,Norauto Podensac,"Cour Du Marechal Foch, Rn 113, Podensac",ChIJB7T9CUcUVQ0RU21r68ZZq-g
607,4,Norauto Blaye,"Centre Commercial Leclerc Lieu Dit La Gruppe Blaye, Cars",ChIJRV2Dn8DSAUgRCo4J1NxgvHU
608,4,Norauto Bouliac,"Centre commercial Auchan, Bouliac",ChIJqTkrwrMlVQ0R33XSa4WWEeI
